timestamp,button_press,gyro_pitch,gyro_yaw,gyro_roll,acc_x,acc_y,acc_z,user_id,audio_file
2025-04-21T16:15:58.199471,none,46,6507,-5181,12,9,9,user1,user1_20250421_161556.wav
2025-04-21T16:15:58.204015,none,35,6482,-5202,13,12,14,user1,user1_20250421_161556.wav
2025-04-21T16:15:58.208291,none,61,6478,-5177,17,15,14,user1,user1_20250421_161556.wav
2025-04-21T16:15:58.212358,none,42,6505,-5173,22,16,11,user1,user1_20250421_161556.wav
2025-04-21T16:15:58.216415,none,61,6488,-5192,26,17,10,user1,user1_20250421_161556.wav
2025-04-21T16:15:58.220914,none,59,6456,-5200,30,17,7,user1,user1_20250421_161556.wav
2025-04-21T16:15:58.224955,none,51,6430,-5217,30,18,7,user1,user1_20250421_161556.wav
2025-04-21T16:15:58.229101,none,68,6439,-5195,27,20,5,user1,user1_20250421_161556.wav
2025-04-21T16:15:58.233192,none,81,6388,-5210,23,20,4,user1,user1_20250421_161556.wav
2025-04-21T16:15:58.237236,none,100,6390,-5236,22,20,6,user1,user1_20250421_161556.wav
2025-04-21T16:15:58.241304,none,86,6349,-5252,20,16,4,user1,user1_20250421_161556.wav
2025-04-21T16:15:58.245372,none,95,6347,-5246,17,12,9,user1,user1_20250421_161556.wav
2025-04-21T16:15:58.249534,none,62,6416,-5266,15,7,16,user1,user1_20250421_161556.wav
2025-04-21T16:15:58.253583,none,59,6429,-5221,14,3,17,user1,user1_20250421_161556.wav
2025-04-21T16:15:58.258104,none,75,6426,-5237,11,1,18,user1,user1_20250421_161556.wav
2025-04-21T16:15:58.262197,none,65,6444,-5251,8,-1,18,user1,user1_20250421_161556.wav
2025-04-21T16:15:58.266705,none,83,6434,-5278,8,-3,22,user1,user1_20250421_161556.wav
2025-04-21T16:15:58.271256,none,92,6453,-5289,8,-5,25,user1,user1_20250421_161556.wav
2025-04-21T16:15:58.275288,none,84,6458,-5279,9,-8,22,user1,user1_20250421_161556.wav
2025-04-21T16:15:58.279656,none,108,6451,-5286,9,-9,23,user1,user1_20250421_161556.wav
2025-04-21T16:15:58.283890,none,96,6455,-5254,8,-8,22,user1,user1_20250421_161556.wav
2025-04-21T16:15:58.288158,none,81,6476,-5275,10,-9,23,user1,user1_20250421_161556.wav
2025-04-21T16:15:58.292317,none,98,6475,-5288,10,-9,22,user1,user1_20250421_161556.wav
2025-04-21T16:15:58.296668,none,103,6468,-5289,9,-7,17,user1,user1_20250421_161556.wav
2025-04-21T16:15:58.300698,none,84,6465,-5266,8,-6,17,user1,user1_20250421_161556.wav
2025-04-21T16:15:58.304729,none,127,6468,-5269,6,-5,17,user1,user1_20250421_161556.wav
2025-04-21T16:15:58.308830,none,101,6477,-5274,7,-4,14,user1,user1_20250421_161556.wav
2025-04-21T16:15:58.312866,none,99,6485,-5255,8,-2,11,user1,user1_20250421_161556.wav
2025-04-21T16:15:58.316901,none,104,6473,-5235,6,3,8,user1,user1_20250421_161556.wav
2025-04-21T16:15:58.321228,none,117,6463,-5211,5,1,9,user1,user1_20250421_161556.wav
2025-04-21T16:15:58.325263,none,74,6479,-5250,7,5,9,user1,user1_20250421_161556.wav
2025-04-21T16:15:58.329538,none,73,6486,-5208,9,5,7,user1,user1_20250421_161556.wav
2025-04-21T16:15:58.334079,none,92,6479,-5209,11,6,11,user1,user1_20250421_161556.wav
2025-04-21T16:15:58.338114,none,78,6489,-5209,14,7,11,user1,user1_20250421_161556.wav
2025-04-21T16:15:58.342474,none,62,6468,-5207,15,5,10,user1,user1_20250421_161556.wav
2025-04-21T16:15:58.346796,none,69,6432,-5191,15,8,10,user1,user1_20250421_161556.wav
2025-04-21T16:15:58.350830,none,90,6463,-5189,18,7,13,user1,user1_20250421_161556.wav
2025-04-21T16:15:58.355296,none,102,6441,-5197,15,6,14,user1,user1_20250421_161556.wav
2025-04-21T16:15:58.359654,none,79,6419,-5201,17,6,15,user1,user1_20250421_161556.wav
2025-04-21T16:15:58.363703,none,75,6435,-5218,17,7,14,user1,user1_20250421_161556.wav
2025-04-21T16:15:58.367822,none,103,6429,-5224,17,8,17,user1,user1_20250421_161556.wav
2025-04-21T16:15:58.371858,none,77,6439,-5217,16,6,19,user1,user1_20250421_161556.wav
2025-04-21T16:15:58.375897,none,70,6426,-5207,17,6,21,user1,user1_20250421_161556.wav
2025-04-21T16:15:58.380416,none,104,6426,-5206,16,4,23,user1,user1_20250421_161556.wav
2025-04-21T16:15:58.384448,none,123,6433,-5184,17,4,24,user1,user1_20250421_161556.wav
2025-04-21T16:15:58.388482,none,98,6412,-5202,17,5,20,user1,user1_20250421_161556.wav
2025-04-21T16:15:58.392521,none,80,6402,-5213,16,4,21,user1,user1_20250421_161556.wav
2025-04-21T16:15:58.396672,none,107,6361,-5203,10,3,17,user1,user1_20250421_161556.wav
2025-04-21T16:15:58.400821,none,100,6362,-5225,8,1,14,user1,user1_20250421_161556.wav
2025-04-21T16:15:58.404861,none,99,6383,-5224,5,3,11,user1,user1_20250421_161556.wav
2025-04-21T16:15:58.409249,none,80,6385,-5248,0,2,12,user1,user1_20250421_161556.wav
2025-04-21T16:15:58.413680,none,104,6407,-5259,-5,0,6,user1,user1_20250421_161556.wav
2025-04-21T16:15:58.418202,none,109,6420,-5275,-8,2,0,user1,user1_20250421_161556.wav
2025-04-21T16:15:58.422360,none,100,6426,-5279,-11,3,2,user1,user1_20250421_161556.wav
2025-04-21T16:15:58.426819,none,115,6409,-5269,-12,0,0,user1,user1_20250421_161556.wav
2025-04-21T16:15:58.431181,none,109,6425,-5232,-14,0,0,user1,user1_20250421_161556.wav
2025-04-21T16:15:58.435723,none,81,6436,-5243,-14,0,-1,user1,user1_20250421_161556.wav
2025-04-21T16:15:58.440185,none,79,6466,-5229,-14,1,-7,user1,user1_20250421_161556.wav
2025-04-21T16:15:58.444226,none,42,6413,-5254,-14,2,-10,user1,user1_20250421_161556.wav
2025-04-21T16:15:58.448423,none,50,6423,-5230,-13,2,-13,user1,user1_20250421_161556.wav
2025-04-21T16:15:58.452733,none,84,6416,-5216,-15,3,-12,user1,user1_20250421_161556.wav
2025-04-21T16:15:58.456776,none,105,6408,-5254,-13,4,-18,user1,user1_20250421_161556.wav
2025-04-21T16:15:58.461360,none,122,6338,-5207,-16,4,-24,user1,user1_20250421_161556.wav
2025-04-21T16:15:58.465612,none,86,6352,-5206,-26,2,-23,user1,user1_20250421_161556.wav
2025-04-21T16:15:58.469801,cross,-65,5880,-5129,-2,-13,23,user1,user1_20250421_161556.wav
2025-04-21T16:15:58.473844,cross,26,6070,-5252,-35,8,-34,user1,user1_20250421_161556.wav
2025-04-21T16:15:58.477883,cross,138,5911,-5276,-58,13,-50,user1,user1_20250421_161556.wav
2025-04-21T16:15:58.481919,cross,168,6180,-5266,-72,11,-68,user1,user1_20250421_161556.wav
2025-04-21T16:15:58.485979,cross,127,6243,-5261,-78,4,-64,user1,user1_20250421_161556.wav
2025-04-21T16:15:58.490432,cross,98,6261,-5278,-83,-1,-50,user1,user1_20250421_161556.wav
2025-04-21T16:15:58.494583,cross,25,6323,-5225,-92,-6,-39,user1,user1_20250421_161556.wav
2025-04-21T16:15:58.498655,cross,-66,6309,-5223,-98,0,-29,user1,user1_20250421_161556.wav
2025-04-21T16:15:58.503186,cross,-80,6443,-5241,-105,6,-16,user1,user1_20250421_161556.wav
2025-04-21T16:15:58.507696,cross,-33,6554,-5253,-106,9,-5,user1,user1_20250421_161556.wav
2025-04-21T16:15:58.511765,cross,17,6570,-5248,-99,7,16,user1,user1_20250421_161556.wav
2025-04-21T16:15:58.515810,cross,-5,6617,-5195,-89,1,32,user1,user1_20250421_161556.wav
2025-04-21T16:15:58.519922,cross,23,6707,-5166,-81,-1,46,user1,user1_20250421_161556.wav
2025-04-21T16:15:58.523961,cross,28,6764,-5154,-68,-4,55,user1,user1_20250421_161556.wav
2025-04-21T16:15:58.527996,cross,46,6833,-5111,-53,-6,58,user1,user1_20250421_161556.wav
2025-04-21T16:15:58.532033,cross,80,6814,-5072,-38,-6,56,user1,user1_20250421_161556.wav
2025-04-21T16:15:58.536136,cross,117,6815,-5130,-23,-8,57,user1,user1_20250421_161556.wav
2025-04-21T16:15:58.540604,cross,117,6773,-5158,-10,-8,52,user1,user1_20250421_161556.wav
2025-04-21T16:15:58.544640,cross,132,6743,-5160,-1,-7,50,user1,user1_20250421_161556.wav
2025-04-21T16:15:58.548701,cross,161,6735,-5161,7,-7,39,user1,user1_20250421_161556.wav
2025-04-21T16:15:58.552734,cross,131,6702,-5197,14,-7,34,user1,user1_20250421_161556.wav
2025-04-21T16:15:58.556777,cross,146,6685,-5214,19,-7,29,user1,user1_20250421_161556.wav
2025-04-21T16:15:58.561317,cross,147,6681,-5221,26,-4,22,user1,user1_20250421_161556.wav
2025-04-21T16:15:58.565862,cross,146,6579,-5236,31,-4,9,user1,user1_20250421_161556.wav
2025-04-21T16:15:58.570306,cross,133,6545,-5230,32,-2,7,user1,user1_20250421_161556.wav
2025-04-21T16:15:58.574795,cross,159,6508,-5213,28,-1,3,user1,user1_20250421_161556.wav
2025-04-21T16:15:58.579269,cross,133,6453,-5230,29,-3,-2,user1,user1_20250421_161556.wav
2025-04-21T16:15:58.583307,cross,142,6436,-5225,28,-5,-2,user1,user1_20250421_161556.wav
2025-04-21T16:15:58.587343,cross,81,6383,-5253,21,-2,0,user1,user1_20250421_161556.wav
2025-04-21T16:15:58.591377,cross,89,6357,-5239,18,-3,3,user1,user1_20250421_161556.wav
2025-04-21T16:15:58.595917,cross,96,6367,-5237,16,-1,5,user1,user1_20250421_161556.wav
2025-04-21T16:15:58.600466,cross,78,6348,-5222,13,-2,8,user1,user1_20250421_161556.wav
2025-04-21T16:15:58.604554,cross,63,6362,-5219,12,-3,11,user1,user1_20250421_161556.wav
2025-04-21T16:15:58.608596,cross,79,6382,-5205,13,-3,15,user1,user1_20250421_161556.wav
2025-04-21T16:15:58.612633,cross,29,6416,-5174,12,-5,16,user1,user1_20250421_161556.wav
2025-04-21T16:15:58.616676,cross,6,6457,-5170,15,-6,23,user1,user1_20250421_161556.wav
2025-04-21T16:15:58.621002,cross,10,6500,-5195,23,-5,28,user1,user1_20250421_161556.wav
2025-04-21T16:15:58.625546,cross,18,6533,-5201,33,-6,31,user1,user1_20250421_161556.wav
2025-04-21T16:15:58.629794,cross,31,6538,-5194,38,-4,33,user1,user1_20250421_161556.wav
2025-04-21T16:15:58.633830,cross,31,6577,-5196,41,-1,32,user1,user1_20250421_161556.wav
2025-04-21T16:15:58.638153,cross,47,6611,-5188,47,-1,30,user1,user1_20250421_161556.wav
2025-04-21T16:15:58.642217,cross,70,6599,-5182,53,-1,28,user1,user1_20250421_161556.wav
2025-04-21T16:15:58.646678,cross,54,6587,-5179,57,0,27,user1,user1_20250421_161556.wav
2025-04-21T16:15:58.651268,cross,45,6597,-5157,66,-1,27,user1,user1_20250421_161556.wav
2025-04-21T16:15:58.655816,cross,93,6566,-5148,72,-1,24,user1,user1_20250421_161556.wav
2025-04-21T16:15:58.660200,cross,60,6558,-5168,74,0,20,user1,user1_20250421_161556.wav
2025-04-21T16:15:58.664246,cross,73,6535,-5184,78,0,17,user1,user1_20250421_161556.wav
2025-04-21T16:15:58.668311,cross,81,6523,-5222,80,1,19,user1,user1_20250421_161556.wav
2025-04-21T16:15:58.672351,cross,92,6492,-5212,77,3,18,user1,user1_20250421_161556.wav
2025-04-21T16:15:58.676807,cross,95,6447,-5235,73,3,17,user1,user1_20250421_161556.wav
2025-04-21T16:15:58.680924,cross,86,6430,-5249,73,5,14,user1,user1_20250421_161556.wav
2025-04-21T16:15:58.684994,cross,88,6382,-5238,66,6,15,user1,user1_20250421_161556.wav
2025-04-21T16:15:58.689036,cross,94,6425,-5233,64,5,17,user1,user1_20250421_161556.wav
2025-04-21T16:15:58.693278,cross,61,6354,-5248,65,3,20,user1,user1_20250421_161556.wav
2025-04-21T16:15:58.697679,cross,66,6334,-5318,52,5,24,user1,user1_20250421_161556.wav
2025-04-21T16:15:58.701715,none,54,6235,-5344,42,10,23,user1,user1_20250421_161556.wav
2025-04-21T16:15:58.705816,none,83,6142,-5388,28,13,15,user1,user1_20250421_161556.wav
2025-04-21T16:15:58.710186,none,82,5935,-5368,12,14,2,user1,user1_20250421_161556.wav
2025-04-21T16:15:58.714221,none,285,6169,-5194,-5,7,-33,user1,user1_20250421_161556.wav
2025-04-21T16:15:58.718682,none,107,6488,-5304,2,-4,-5,user1,user1_20250421_161556.wav
2025-04-21T16:15:58.722742,none,27,6555,-5270,1,-2,26,user1,user1_20250421_161556.wav
2025-04-21T16:15:58.727248,none,-146,6403,-5298,2,0,42,user1,user1_20250421_161556.wav
2025-04-21T16:15:58.731344,none,-105,6415,-5291,-5,12,54,user1,user1_20250421_161556.wav
2025-04-21T16:15:58.735875,none,-4,6442,-5336,-10,18,55,user1,user1_20250421_161556.wav
2025-04-21T16:15:58.740340,none,138,6423,-5287,-10,18,42,user1,user1_20250421_161556.wav
2025-04-21T16:15:58.744425,none,197,6401,-5210,-12,11,33,user1,user1_20250421_161556.wav
2025-04-21T16:15:58.748462,none,373,6437,-5140,-8,1,22,user1,user1_20250421_161556.wav
2025-04-21T16:15:58.752619,none,308,6388,-5074,3,-10,0,user1,user1_20250421_161556.wav
2025-04-21T16:15:58.756657,none,86,6392,-5088,8,-14,-6,user1,user1_20250421_161556.wav
2025-04-21T16:15:58.760818,none,16,6423,-5119,8,-11,-4,user1,user1_20250421_161556.wav
2025-04-21T16:15:58.764851,none,-6,6518,-5208,9,-6,-2,user1,user1_20250421_161556.wav
2025-04-21T16:15:58.769382,none,-11,6513,-5308,11,1,4,user1,user1_20250421_161556.wav
2025-04-21T16:15:58.774299,none,145,6458,-5313,8,4,14,user1,user1_20250421_161556.wav
2025-04-21T16:15:58.778341,none,146,6508,-5333,10,2,21,user1,user1_20250421_161556.wav
2025-04-21T16:15:58.782796,none,130,6522,-5260,9,1,23,user1,user1_20250421_161556.wav
2025-04-21T16:15:58.786827,none,62,6443,-5273,8,0,22,user1,user1_20250421_161556.wav
2025-04-21T16:15:58.791309,none,50,6479,-5242,5,0,21,user1,user1_20250421_161556.wav
2025-04-21T16:15:58.795824,none,79,6460,-5210,3,1,21,user1,user1_20250421_161556.wav
2025-04-21T16:15:58.800336,none,63,6447,-5226,4,-1,17,user1,user1_20250421_161556.wav
2025-04-21T16:15:58.804376,none,77,6482,-5202,8,0,18,user1,user1_20250421_161556.wav
2025-04-21T16:15:58.808747,none,111,6528,-5253,12,0,20,user1,user1_20250421_161556.wav
2025-04-21T16:15:58.813269,none,117,6468,-5212,15,-3,17,user1,user1_20250421_161556.wav
2025-04-21T16:15:58.817406,none,101,6444,-5226,17,-2,17,user1,user1_20250421_161556.wav
2025-04-21T16:15:58.821581,none,88,6390,-5261,18,-2,17,user1,user1_20250421_161556.wav
2025-04-21T16:15:58.825622,none,98,6368,-5280,15,-3,17,user1,user1_20250421_161556.wav
2025-04-21T16:15:58.829767,none,95,6339,-5274,15,-2,19,user1,user1_20250421_161556.wav
2025-04-21T16:15:58.833801,none,72,6357,-5270,10,0,20,user1,user1_20250421_161556.wav
2025-04-21T16:15:58.838675,none,90,6329,-5292,9,1,23,user1,user1_20250421_161556.wav
2025-04-21T16:15:58.842990,none,118,6334,-5278,8,2,22,user1,user1_20250421_161556.wav
2025-04-21T16:15:58.847026,none,115,6332,-5322,5,3,22,user1,user1_20250421_161556.wav
2025-04-21T16:15:58.851090,none,126,6321,-5321,0,4,22,user1,user1_20250421_161556.wav
2025-04-21T16:15:58.855127,none,143,6315,-5320,-6,8,19,user1,user1_20250421_161556.wav
2025-04-21T16:15:58.859303,none,123,6310,-5287,-12,8,14,user1,user1_20250421_161556.wav
2025-04-21T16:15:58.863366,none,104,6330,-5268,-17,9,9,user1,user1_20250421_161556.wav
2025-04-21T16:15:58.867906,none,83,6375,-5265,-21,12,1,user1,user1_20250421_161556.wav
2025-04-21T16:15:58.871942,none,80,6409,-5237,-24,11,-5,user1,user1_20250421_161556.wav
2025-04-21T16:15:58.876306,none,67,6472,-5187,-22,15,-9,user1,user1_20250421_161556.wav
2025-04-21T16:15:58.880542,none,60,6514,-5183,-18,16,-14,user1,user1_20250421_161556.wav
2025-04-21T16:15:58.884932,none,58,6551,-5138,-10,17,-16,user1,user1_20250421_161556.wav
2025-04-21T16:15:58.888976,none,71,6583,-5159,-2,17,-13,user1,user1_20250421_161556.wav
2025-04-21T16:15:58.893562,none,50,6555,-5158,12,20,-6,user1,user1_20250421_161556.wav
2025-04-21T16:15:58.897603,none,32,6504,-5167,15,20,-6,user1,user1_20250421_161556.wav
2025-04-21T16:15:58.902106,none,83,6484,-5178,17,22,-3,user1,user1_20250421_161556.wav
2025-04-21T16:15:58.906172,none,85,6451,-5207,16,23,0,user1,user1_20250421_161556.wav
2025-04-21T16:15:58.910589,none,105,6411,-5222,14,26,-2,user1,user1_20250421_161556.wav
2025-04-21T16:15:58.915002,none,127,6362,-5270,12,27,1,user1,user1_20250421_161556.wav
2025-04-21T16:15:58.919045,none,123,6338,-5238,4,29,6,user1,user1_20250421_161556.wav
2025-04-21T16:15:58.923083,none,131,6328,-5253,-2,27,9,user1,user1_20250421_161556.wav
2025-04-21T16:15:58.927405,none,130,6331,-5242,-5,26,8,user1,user1_20250421_161556.wav
2025-04-21T16:15:58.931927,none,99,6339,-5231,-9,24,14,user1,user1_20250421_161556.wav
2025-04-21T16:15:58.935960,none,74,6376,-5241,-14,23,14,user1,user1_20250421_161556.wav
2025-04-21T16:15:58.940348,none,116,6373,-5235,-15,19,11,user1,user1_20250421_161556.wav
2025-04-21T16:15:58.944387,none,118,6391,-5223,-17,12,14,user1,user1_20250421_161556.wav
2025-04-21T16:15:58.948670,none,90,6432,-5205,-16,9,13,user1,user1_20250421_161556.wav
2025-04-21T16:15:58.952704,none,85,6451,-5219,-15,2,11,user1,user1_20250421_161556.wav
2025-04-21T16:15:58.956744,none,88,6485,-5232,-12,-1,11,user1,user1_20250421_161556.wav
2025-04-21T16:15:58.960849,none,114,6513,-5244,-10,-8,12,user1,user1_20250421_161556.wav
2025-04-21T16:15:58.964898,none,121,6518,-5268,-9,-10,14,user1,user1_20250421_161556.wav
2025-04-21T16:15:58.968979,none,104,6503,-5277,-5,-14,18,user1,user1_20250421_161556.wav
2025-04-21T16:15:58.973015,none,119,6516,-5307,-6,-18,20,user1,user1_20250421_161556.wav
2025-04-21T16:15:58.977087,none,121,6491,-5287,-5,-19,14,user1,user1_20250421_161556.wav
2025-04-21T16:15:58.981126,none,153,6534,-5262,-10,-23,10,user1,user1_20250421_161556.wav
2025-04-21T16:15:58.985163,none,113,6523,-5269,-12,-21,7,user1,user1_20250421_161556.wav
2025-04-21T16:15:58.989585,none,115,6577,-5237,-6,-24,8,user1,user1_20250421_161556.wav
2025-04-21T16:15:58.993981,none,115,6599,-5205,0,-23,9,user1,user1_20250421_161556.wav
2025-04-21T16:15:58.998017,none,108,6597,-5220,5,-22,8,user1,user1_20250421_161556.wav
2025-04-21T16:15:59.002592,none,130,6560,-5198,12,-21,12,user1,user1_20250421_161556.wav
2025-04-21T16:15:59.006672,none,110,6530,-5244,14,-20,10,user1,user1_20250421_161556.wav
2025-04-21T16:15:59.010709,none,90,6496,-5242,17,-18,11,user1,user1_20250421_161556.wav
2025-04-21T16:15:59.015031,none,95,6460,-5252,22,-15,12,user1,user1_20250421_161556.wav
2025-04-21T16:15:59.019592,none,132,6471,-5236,23,-13,11,user1,user1_20250421_161556.wav
2025-04-21T16:15:59.023925,none,98,6429,-5252,23,-12,10,user1,user1_20250421_161556.wav
2025-04-21T16:15:59.027984,none,107,6406,-5249,21,-12,8,user1,user1_20250421_161556.wav
2025-04-21T16:15:59.032020,none,63,6380,-5217,20,-9,5,user1,user1_20250421_161556.wav
2025-04-21T16:15:59.036053,none,70,6341,-5229,20,-10,6,user1,user1_20250421_161556.wav
2025-04-21T16:15:59.040301,none,83,6330,-5239,18,-5,7,user1,user1_20250421_161556.wav
2025-04-21T16:15:59.044453,none,69,6279,-5273,16,-3,8,user1,user1_20250421_161556.wav
2025-04-21T16:15:59.049126,none,72,6229,-5258,6,-3,5,user1,user1_20250421_161556.wav
2025-04-21T16:15:59.053162,none,54,6192,-5308,-3,0,5,user1,user1_20250421_161556.wav
2025-04-21T16:15:59.057570,none,75,6192,-5318,-24,5,6,user1,user1_20250421_161556.wav
2025-04-21T16:15:59.061612,none,65,6233,-5297,-32,3,6,user1,user1_20250421_161556.wav
2025-04-21T16:15:59.066108,none,80,6218,-5291,-37,7,9,user1,user1_20250421_161556.wav
2025-04-21T16:15:59.070358,none,50,6279,-5276,-43,9,15,user1,user1_20250421_161556.wav
2025-04-21T16:15:59.074514,none,43,6305,-5259,-45,12,18,user1,user1_20250421_161556.wav
2025-04-21T16:15:59.078925,none,47,6382,-5250,-48,12,16,user1,user1_20250421_161556.wav
2025-04-21T16:15:59.082966,none,62,6363,-5243,-50,13,19,user1,user1_20250421_161556.wav
2025-04-21T16:15:59.087177,none,41,6396,-5220,-48,15,15,user1,user1_20250421_161556.wav
2025-04-21T16:15:59.091216,none,66,6427,-5255,-48,15,17,user1,user1_20250421_161556.wav
2025-04-21T16:15:59.095758,none,86,6477,-5228,-50,15,13,user1,user1_20250421_161556.wav
2025-04-21T16:15:59.099996,none,75,6481,-5228,-49,15,11,user1,user1_20250421_161556.wav
2025-04-21T16:15:59.104353,none,94,6479,-5212,-48,11,8,user1,user1_20250421_161556.wav
2025-04-21T16:15:59.108392,none,87,6534,-5219,-49,13,8,user1,user1_20250421_161556.wav
2025-04-21T16:15:59.112431,circle,141,6980,-5130,-39,12,21,user1,user1_20250421_161556.wav
2025-04-21T16:15:59.116696,circle,62,6471,-5031,-2,-2,55,user1,user1_20250421_161556.wav
2025-04-21T16:15:59.120945,circle,70,6304,-5175,-26,0,-3,user1,user1_20250421_161556.wav
2025-04-21T16:15:59.125330,circle,190,6075,-5259,-44,7,-34,user1,user1_20250421_161556.wav
2025-04-21T16:15:59.129934,circle,239,6300,-5329,-79,0,-65,user1,user1_20250421_161556.wav
2025-04-21T16:15:59.134468,circle,97,6313,-5342,-86,-2,-57,user1,user1_20250421_161556.wav
2025-04-21T16:15:59.138799,circle,29,6376,-5282,-99,-3,-44,user1,user1_20250421_161556.wav
2025-04-21T16:15:59.142996,circle,-59,6469,-5211,-104,-3,-32,user1,user1_20250421_161556.wav
2025-04-21T16:15:59.147075,circle,15,6636,-5169,-96,-2,-17,user1,user1_20250421_161556.wav
2025-04-21T16:15:59.151375,circle,72,6680,-5190,-79,1,-9,user1,user1_20250421_161556.wav
2025-04-21T16:15:59.155917,circle,120,6564,-5213,-65,2,-2,user1,user1_20250421_161556.wav
2025-04-21T16:15:59.160165,circle,113,6447,-5197,-62,1,-1,user1,user1_20250421_161556.wav
2025-04-21T16:15:59.164202,circle,81,6426,-5212,-68,0,1,user1,user1_20250421_161556.wav
2025-04-21T16:15:59.168561,circle,26,6447,-5192,-71,0,5,user1,user1_20250421_161556.wav
2025-04-21T16:15:59.172599,circle,63,6507,-5192,-73,-1,9,user1,user1_20250421_161556.wav
2025-04-21T16:15:59.176638,circle,65,6514,-5205,-73,2,10,user1,user1_20250421_161556.wav
2025-04-21T16:15:59.181183,circle,80,6503,-5189,-68,3,4,user1,user1_20250421_161556.wav
2025-04-21T16:15:59.185729,circle,67,6464,-5212,-66,12,5,user1,user1_20250421_161556.wav
2025-04-21T16:15:59.189795,circle,97,6485,-5211,-70,10,3,user1,user1_20250421_161556.wav
2025-04-21T16:15:59.193949,circle,101,6490,-5213,-69,8,6,user1,user1_20250421_161556.wav
2025-04-21T16:15:59.198176,circle,121,6477,-5195,-69,8,8,user1,user1_20250421_161556.wav
2025-04-21T16:15:59.202320,circle,128,6523,-5175,-63,4,10,user1,user1_20250421_161556.wav
2025-04-21T16:15:59.206692,circle,127,6548,-5164,-60,0,11,user1,user1_20250421_161556.wav
2025-04-21T16:15:59.210731,circle,113,6578,-5111,-55,-3,9,user1,user1_20250421_161556.wav
2025-04-21T16:15:59.215295,circle,123,6594,-5113,-46,-3,8,user1,user1_20250421_161556.wav
2025-04-21T16:15:59.219758,circle,125,6607,-5149,-37,-2,10,user1,user1_20250421_161556.wav
2025-04-21T16:15:59.223795,circle,105,6613,-5152,-27,-5,8,user1,user1_20250421_161556.wav
2025-04-21T16:15:59.227835,circle,103,6629,-5144,-18,-6,9,user1,user1_20250421_161556.wav
2025-04-21T16:15:59.231872,circle,119,6613,-5136,-8,-7,10,user1,user1_20250421_161556.wav
2025-04-21T16:15:59.236525,circle,149,6620,-5171,-2,-6,12,user1,user1_20250421_161556.wav
2025-04-21T16:15:59.240569,circle,129,6617,-5179,5,-6,12,user1,user1_20250421_161556.wav
2025-04-21T16:15:59.244927,circle,160,6642,-5168,11,-6,13,user1,user1_20250421_161556.wav
2025-04-21T16:15:59.249540,circle,114,6603,-5146,26,-7,18,user1,user1_20250421_161556.wav
2025-04-21T16:15:59.253580,circle,132,6631,-5135,28,-10,15,user1,user1_20250421_161556.wav
2025-04-21T16:15:59.257625,circle,91,6629,-5178,35,-9,18,user1,user1_20250421_161556.wav
2025-04-21T16:15:59.262796,circle,107,6635,-5191,42,-12,17,user1,user1_20250421_161556.wav
2025-04-21T16:15:59.266920,circle,115,6617,-5161,45,-15,14,user1,user1_20250421_161556.wav
2025-04-21T16:15:59.270958,circle,124,6608,-5149,53,-16,10,user1,user1_20250421_161556.wav
2025-04-21T16:15:59.274997,circle,92,6624,-5166,58,-14,8,user1,user1_20250421_161556.wav
2025-04-21T16:15:59.279243,circle,92,6579,-5134,61,-14,7,user1,user1_20250421_161556.wav
2025-04-21T16:15:59.283748,circle,79,6548,-5188,65,-13,5,user1,user1_20250421_161556.wav
2025-04-21T16:15:59.287793,circle,94,6515,-5187,67,-12,5,user1,user1_20250421_161556.wav
2025-04-21T16:15:59.291882,circle,106,6514,-5193,72,-14,4,user1,user1_20250421_161556.wav
2025-04-21T16:15:59.295922,circle,82,6493,-5189,73,-12,5,user1,user1_20250421_161556.wav
2025-04-21T16:15:59.300040,circle,71,6470,-5196,73,-8,8,user1,user1_20250421_161556.wav
2025-04-21T16:15:59.304390,circle,66,6449,-5195,74,-9,9,user1,user1_20250421_161556.wav
2025-04-21T16:15:59.308928,circle,56,6431,-5226,74,-7,8,user1,user1_20250421_161556.wav
2025-04-21T16:15:59.313081,circle,66,6408,-5224,72,-6,12,user1,user1_20250421_161556.wav
2025-04-21T16:15:59.317121,circle,40,6399,-5233,74,-5,9,user1,user1_20250421_161556.wav
2025-04-21T16:15:59.321195,circle,69,6422,-5226,70,-4,11,user1,user1_20250421_161556.wav
2025-04-21T16:15:59.325241,circle,66,6380,-5214,69,0,11,user1,user1_20250421_161556.wav
2025-04-21T16:15:59.329540,circle,24,6369,-5268,63,1,14,user1,user1_20250421_161556.wav
2025-04-21T16:15:59.333582,circle,46,6373,-5271,59,5,18,user1,user1_20250421_161556.wav
2025-04-21T16:15:59.337869,circle,82,6418,-5254,56,9,22,user1,user1_20250421_161556.wav
2025-04-21T16:15:59.341910,circle,81,6423,-5255,53,7,22,user1,user1_20250421_161556.wav
2025-04-21T16:15:59.345945,circle,67,6512,-5231,53,10,29,user1,user1_20250421_161556.wav
2025-04-21T16:15:59.349984,circle,64,6511,-5212,54,8,34,user1,user1_20250421_161556.wav
2025-04-21T16:15:59.354033,circle,34,6525,-5191,57,9,40,user1,user1_20250421_161556.wav
2025-04-21T16:15:59.358296,circle,32,6599,-5190,59,8,47,user1,user1_20250421_161556.wav
2025-04-21T16:15:59.362335,circle,34,6639,-5160,65,7,55,user1,user1_20250421_161556.wav
2025-04-21T16:15:59.366542,circle,67,6630,-5175,73,7,56,user1,user1_20250421_161556.wav
2025-04-21T16:15:59.371067,circle,61,6674,-5161,81,5,64,user1,user1_20250421_161556.wav
2025-04-21T16:15:59.375354,circle,77,6713,-5165,92,6,64,user1,user1_20250421_161556.wav
2025-04-21T16:15:59.379393,none,106,6651,-5174,105,5,66,user1,user1_20250421_161556.wav
2025-04-21T16:15:59.383495,none,108,6640,-5190,111,3,66,user1,user1_20250421_161556.wav
2025-04-21T16:15:59.387537,none,112,6642,-5205,117,6,63,user1,user1_20250421_161556.wav
2025-04-21T16:15:59.391869,none,141,6536,-5210,120,7,56,user1,user1_20250421_161556.wav
2025-04-21T16:15:59.395907,none,74,6261,-5274,122,10,41,user1,user1_20250421_161556.wav
2025-04-21T16:15:59.400577,none,105,5780,-5377,92,13,-5,user1,user1_20250421_161556.wav
2025-04-21T16:15:59.404906,none,222,6842,-5269,88,16,-20,user1,user1_20250421_161556.wav
2025-04-21T16:15:59.409166,none,144,6691,-5215,123,6,34,user1,user1_20250421_161556.wav
2025-04-21T16:15:59.413203,none,64,6561,-5281,132,5,50,user1,user1_20250421_161556.wav
2025-04-21T16:15:59.417563,none,42,6311,-5367,115,28,47,user1,user1_20250421_161556.wav
2025-04-21T16:15:59.421735,none,93,6309,-5380,103,35,36,user1,user1_20250421_161556.wav
2025-04-21T16:15:59.425837,none,132,6237,-5448,87,44,26,user1,user1_20250421_161556.wav
2025-04-21T16:15:59.429879,none,158,6119,-5436,70,45,15,user1,user1_20250421_161556.wav
2025-04-21T16:15:59.433914,none,138,6128,-5413,59,46,4,user1,user1_20250421_161556.wav
2025-04-21T16:15:59.437949,none,56,6083,-5362,44,50,3,user1,user1_20250421_161556.wav
2025-04-21T16:15:59.441983,none,-6,6063,-5373,24,57,-6,user1,user1_20250421_161556.wav
2025-04-21T16:15:59.446034,none,-13,6192,-5353,13,63,-6,user1,user1_20250421_161556.wav
2025-04-21T16:15:59.450539,none,40,6395,-5353,16,69,6,user1,user1_20250421_161556.wav
2025-04-21T16:15:59.454919,none,121,6429,-5293,28,72,20,user1,user1_20250421_161556.wav
2025-04-21T16:15:59.458954,none,98,6378,-5313,30,68,36,user1,user1_20250421_161556.wav
2025-04-21T16:15:59.463052,none,111,6380,-5273,24,67,53,user1,user1_20250421_161556.wav
2025-04-21T16:15:59.467246,none,45,6477,-5195,21,65,64,user1,user1_20250421_161556.wav
2025-04-21T16:15:59.472429,none,64,6468,-5158,18,65,79,user1,user1_20250421_161556.wav
2025-04-21T16:15:59.476673,none,85,6437,-5174,15,63,85,user1,user1_20250421_161556.wav
2025-04-21T16:15:59.480753,none,151,6417,-5184,12,61,93,user1,user1_20250421_161556.wav
2025-04-21T16:15:59.484896,none,244,6416,-5122,9,53,96,user1,user1_20250421_161556.wav
2025-04-21T16:15:59.489312,none,552,6359,-5033,11,36,90,user1,user1_20250421_161556.wav
2025-04-21T16:15:59.493569,none,472,6481,-4894,19,-43,56,user1,user1_20250421_161556.wav
2025-04-21T16:15:59.497619,none,389,6400,-4958,32,-43,50,user1,user1_20250421_161556.wav
2025-04-21T16:15:59.502133,none,232,6422,-5010,39,-35,44,user1,user1_20250421_161556.wav
2025-04-21T16:15:59.506209,none,35,6421,-5172,37,-22,34,user1,user1_20250421_161556.wav
2025-04-21T16:15:59.510490,none,8,6401,-5373,37,-1,29,user1,user1_20250421_161556.wav
2025-04-21T16:15:59.514921,none,115,6385,-5448,30,12,20,user1,user1_20250421_161556.wav
2025-04-21T16:15:59.519447,none,175,6302,-5488,20,15,12,user1,user1_20250421_161556.wav
2025-04-21T16:15:59.523490,none,148,6268,-5497,6,17,10,user1,user1_20250421_161556.wav
2025-04-21T16:15:59.527662,none,138,6270,-5560,-6,23,4,user1,user1_20250421_161556.wav
2025-04-21T16:15:59.531897,none,126,6294,-5543,-19,27,4,user1,user1_20250421_161556.wav
2025-04-21T16:15:59.535933,none,84,6337,-5481,-32,29,-1,user1,user1_20250421_161556.wav
2025-04-21T16:15:59.540389,none,44,6404,-5462,-39,30,0,user1,user1_20250421_161556.wav
2025-04-21T16:15:59.544435,none,104,6369,-5476,-40,33,-5,user1,user1_20250421_161556.wav
2025-04-21T16:15:59.548471,none,712,6331,-5462,-42,12,-9,user1,user1_20250421_161556.wav
2025-04-21T16:15:59.552574,none,140,6487,-5216,-37,-10,1,user1,user1_20250421_161556.wav
2025-04-21T16:15:59.556697,none,-75,6524,-5097,-26,-15,2,user1,user1_20250421_161556.wav
2025-04-21T16:15:59.560751,none,-132,6526,-5105,-10,-14,-2,user1,user1_20250421_161556.wav
2025-04-21T16:15:59.564792,none,-75,6580,-5212,4,-9,0,user1,user1_20250421_161556.wav
2025-04-21T16:15:59.569258,none,78,6568,-5358,20,-3,6,user1,user1_20250421_161556.wav
2025-04-21T16:15:59.573723,none,129,6538,-5447,41,-8,15,user1,user1_20250421_161556.wav
2025-04-21T16:15:59.577804,none,0,6490,-5437,45,-5,25,user1,user1_20250421_161556.wav
2025-04-21T16:15:59.581841,none,-80,6446,-5368,46,2,27,user1,user1_20250421_161556.wav
2025-04-21T16:15:59.585876,none,-55,6453,-5373,44,12,31,user1,user1_20250421_161556.wav
2025-04-21T16:15:59.590408,none,-40,6424,-5357,41,19,34,user1,user1_20250421_161556.wav
2025-04-21T16:15:59.594923,none,-8,6458,-5407,42,27,30,user1,user1_20250421_161556.wav
2025-04-21T16:15:59.599404,none,51,6413,-5391,43,33,26,user1,user1_20250421_161556.wav
2025-04-21T16:15:59.603799,none,105,6418,-5349,47,37,24,user1,user1_20250421_161556.wav
2025-04-21T16:15:59.608343,none,149,6427,-5341,50,39,20,user1,user1_20250421_161556.wav
2025-04-21T16:15:59.612380,none,149,6415,-5308,51,39,14,user1,user1_20250421_161556.wav
2025-04-21T16:15:59.616671,none,174,6356,-5213,50,41,12,user1,user1_20250421_161556.wav
2025-04-21T16:15:59.620719,none,186,6386,-5191,48,42,6,user1,user1_20250421_161556.wav
2025-04-21T16:15:59.624778,none,188,6358,-5177,45,40,0,user1,user1_20250421_161556.wav
2025-04-21T16:15:59.629271,none,150,6346,-5169,45,38,-7,user1,user1_20250421_161556.wav
2025-04-21T16:15:59.633826,none,142,6389,-5127,47,37,-7,user1,user1_20250421_161556.wav
2025-04-21T16:15:59.637935,none,202,6363,-5133,51,39,-10,user1,user1_20250421_161556.wav
2025-04-21T16:15:59.641973,none,146,6352,-5179,52,38,-11,user1,user1_20250421_161556.wav
2025-04-21T16:15:59.646005,none,198,6290,-5176,52,41,-11,user1,user1_20250421_161556.wav
2025-04-21T16:15:59.650481,none,196,6234,-5207,44,40,-12,user1,user1_20250421_161556.wav
2025-04-21T16:15:59.654924,none,217,6206,-5248,36,40,-8,user1,user1_20250421_161556.wav
2025-04-21T16:15:59.658960,none,239,6173,-5264,27,32,-3,user1,user1_20250421_161556.wav
2025-04-21T16:15:59.662996,none,266,6175,-5253,22,31,1,user1,user1_20250421_161556.wav
2025-04-21T16:15:59.667032,none,229,6165,-5248,11,28,5,user1,user1_20250421_161556.wav
2025-04-21T16:15:59.671066,none,192,6144,-5232,0,22,11,user1,user1_20250421_161556.wav
2025-04-21T16:15:59.675104,none,186,6198,-5286,-8,12,7,user1,user1_20250421_161556.wav
2025-04-21T16:15:59.679553,none,147,6205,-5232,-14,9,9,user1,user1_20250421_161556.wav
2025-04-21T16:15:59.684449,none,159,6217,-5232,-19,0,7,user1,user1_20250421_161556.wav
2025-04-21T16:15:59.688485,none,202,6242,-5256,-24,-7,6,user1,user1_20250421_161556.wav
2025-04-21T16:15:59.692517,none,204,6275,-5288,-28,-13,4,user1,user1_20250421_161556.wav
2025-04-21T16:15:59.696696,none,219,6300,-5307,-35,-23,2,user1,user1_20250421_161556.wav
2025-04-21T16:15:59.701068,none,183,6279,-5320,-35,-33,-2,user1,user1_20250421_161556.wav
2025-04-21T16:15:59.705556,none,-237,6079,-5340,-53,-33,-11,user1,user1_20250421_161556.wav
2025-04-21T16:15:59.709676,none,-274,6024,-5493,-78,-20,-22,user1,user1_20250421_161556.wav
2025-04-21T16:15:59.713724,none,-147,6218,-5592,-97,-5,-29,user1,user1_20250421_161556.wav
2025-04-21T16:15:59.718234,none,30,6546,-5613,-94,0,-22,user1,user1_20250421_161556.wav
2025-04-21T16:15:59.722335,none,76,6742,-5570,-73,4,0,user1,user1_20250421_161556.wav
2025-04-21T16:15:59.726747,none,78,6837,-5485,-45,1,29,user1,user1_20250421_161556.wav
2025-04-21T16:15:59.731334,none,-31,6832,-5385,-24,2,65,user1,user1_20250421_161556.wav
2025-04-21T16:15:59.735663,none,-86,6752,-5281,-9,5,92,user1,user1_20250421_161556.wav
2025-04-21T16:15:59.739835,none,-42,6753,-5202,-3,10,110,user1,user1_20250421_161556.wav
2025-04-21T16:15:59.744082,none,128,6642,-5218,-2,14,117,user1,user1_20250421_161556.wav
2025-04-21T16:15:59.748189,none,292,6593,-5231,-2,13,116,user1,user1_20250421_161556.wav
2025-04-21T16:15:59.752225,none,396,6581,-5179,-1,4,112,user1,user1_20250421_161556.wav
2025-04-21T16:15:59.756263,none,416,6633,-5115,6,-3,97,user1,user1_20250421_161556.wav
2025-04-21T16:15:59.760344,none,426,6625,-5027,15,-12,83,user1,user1_20250421_161556.wav
2025-04-21T16:15:59.764857,none,369,6579,-4988,23,-20,68,user1,user1_20250421_161556.wav
2025-04-21T16:15:59.769385,none,346,6490,-4993,29,-24,59,user1,user1_20250421_161556.wav
2025-04-21T16:15:59.773463,none,383,6448,-5069,30,-31,48,user1,user1_20250421_161556.wav
2025-04-21T16:15:59.777571,none,461,6371,-5204,25,-36,25,user1,user1_20250421_161556.wav
2025-04-21T16:15:59.781616,none,415,6331,-5196,23,-39,17,user1,user1_20250421_161556.wav
2025-04-21T16:15:59.785656,triangle,458,7009,-5223,32,-44,23,user1,user1_20250421_161556.wav
2025-04-21T16:15:59.790167,triangle,496,5428,-5350,51,-44,31,user1,user1_20250421_161556.wav
2025-04-21T16:15:59.794205,triangle,105,5999,-5548,-52,-36,-30,user1,user1_20250421_161556.wav
2025-04-21T16:15:59.798245,triangle,255,5651,-5578,-77,-19,-53,user1,user1_20250421_161556.wav
2025-04-21T16:15:59.802284,triangle,229,5878,-5487,-105,-15,-66,user1,user1_20250421_161556.wav
2025-04-21T16:15:59.806925,triangle,101,5959,-5527,-122,-17,-69,user1,user1_20250421_161556.wav
2025-04-21T16:15:59.810965,triangle,-7,6043,-5528,-135,-11,-54,user1,user1_20250421_161556.wav
2025-04-21T16:15:59.815001,triangle,-65,6231,-5411,-139,-5,-33,user1,user1_20250421_161556.wav
2025-04-21T16:15:59.819720,triangle,-128,6413,-5353,-132,-3,-3,user1,user1_20250421_161556.wav
2025-04-21T16:15:59.823766,triangle,-164,6636,-5252,-109,-2,32,user1,user1_20250421_161556.wav
2025-04-21T16:15:59.827810,triangle,-95,6607,-5225,-83,-2,56,user1,user1_20250421_161556.wav
2025-04-21T16:15:59.831845,triangle,16,6494,-5242,-66,-5,77,user1,user1_20250421_161556.wav
2025-04-21T16:15:59.835919,triangle,122,6512,-5193,-61,-12,91,user1,user1_20250421_161556.wav
2025-04-21T16:15:59.840367,triangle,120,6543,-5127,-51,-20,99,user1,user1_20250421_161556.wav
2025-04-21T16:15:59.844404,triangle,97,6568,-5118,-42,-25,102,user1,user1_20250421_161556.wav
2025-04-21T16:15:59.848440,triangle,151,6506,-5129,-33,-29,95,user1,user1_20250421_161556.wav
2025-04-21T16:15:59.852489,triangle,173,6441,-5142,-33,-30,80,user1,user1_20250421_161556.wav
2025-04-21T16:15:59.856675,triangle,141,6398,-5228,-44,-26,68,user1,user1_20250421_161556.wav
2025-04-21T16:15:59.861034,triangle,157,6460,-5291,-47,-19,56,user1,user1_20250421_161556.wav
2025-04-21T16:15:59.865068,triangle,152,6440,-5308,-51,-14,45,user1,user1_20250421_161556.wav
2025-04-21T16:15:59.869547,triangle,205,6448,-5317,-57,-7,13,user1,user1_20250421_161556.wav
2025-04-21T16:15:59.874092,triangle,232,6445,-5341,-60,-3,5,user1,user1_20250421_161556.wav
2025-04-21T16:15:59.878128,triangle,221,6451,-5327,-63,-4,-2,user1,user1_20250421_161556.wav
2025-04-21T16:15:59.882162,triangle,255,6426,-5293,-63,-5,-8,user1,user1_20250421_161556.wav
2025-04-21T16:15:59.886672,triangle,239,6482,-5256,-60,-7,-10,user1,user1_20250421_161556.wav
2025-04-21T16:15:59.890773,triangle,234,6445,-5217,-60,-7,-12,user1,user1_20250421_161556.wav
2025-04-21T16:15:59.896024,triangle,230,6452,-5218,-57,-8,-20,user1,user1_20250421_161556.wav
2025-04-21T16:15:59.900075,triangle,255,6431,-5223,-57,-12,-24,user1,user1_20250421_161556.wav
2025-04-21T16:15:59.904507,triangle,269,6425,-5195,-50,-9,-29,user1,user1_20250421_161556.wav
2025-04-21T16:15:59.908552,triangle,254,6376,-5234,-43,-11,-27,user1,user1_20250421_161556.wav
2025-04-21T16:15:59.912595,triangle,281,6374,-5213,-40,-12,-26,user1,user1_20250421_161556.wav
2025-04-21T16:15:59.916635,triangle,263,6361,-5161,-36,-17,-23,user1,user1_20250421_161556.wav
2025-04-21T16:15:59.921012,triangle,231,6359,-5179,-30,-17,-17,user1,user1_20250421_161556.wav
2025-04-21T16:15:59.925078,triangle,218,6349,-5217,-29,-20,-14,user1,user1_20250421_161556.wav
2025-04-21T16:15:59.929566,triangle,182,6362,-5272,-23,-15,-14,user1,user1_20250421_161556.wav
2025-04-21T16:15:59.933609,triangle,201,6352,-5286,-22,-16,-11,user1,user1_20250421_161556.wav
2025-04-21T16:15:59.937840,triangle,191,6373,-5292,-24,-17,-8,user1,user1_20250421_161556.wav
2025-04-21T16:15:59.941904,triangle,147,6456,-5259,-25,-15,-9,user1,user1_20250421_161556.wav
2025-04-21T16:15:59.946035,triangle,143,6512,-5238,-22,-18,-5,user1,user1_20250421_161556.wav
2025-04-21T16:15:59.950176,triangle,99,6518,-5227,-20,-20,-2,user1,user1_20250421_161556.wav
2025-04-21T16:15:59.954508,triangle,107,6535,-5198,-17,-21,2,user1,user1_20250421_161556.wav
2025-04-21T16:15:59.958796,triangle,84,6534,-5198,-14,-21,0,user1,user1_20250421_161556.wav
2025-04-21T16:15:59.962874,triangle,112,6582,-5229,-10,-20,-1,user1,user1_20250421_161556.wav
2025-04-21T16:15:59.966917,triangle,107,6560,-5221,-6,-22,-3,user1,user1_20250421_161556.wav
2025-04-21T16:15:59.971355,triangle,112,6582,-5222,-4,-22,-6,user1,user1_20250421_161556.wav
2025-04-21T16:15:59.975841,triangle,131,6553,-5209,4,-21,-7,user1,user1_20250421_161556.wav
2025-04-21T16:15:59.980348,triangle,145,6594,-5215,8,-24,-7,user1,user1_20250421_161556.wav
2025-04-21T16:15:59.984410,triangle,138,6616,-5182,19,-23,-5,user1,user1_20250421_161556.wav
2025-04-21T16:15:59.988874,triangle,125,6630,-5167,25,-23,-2,user1,user1_20250421_161556.wav
2025-04-21T16:15:59.993015,triangle,155,6608,-5209,36,-23,-1,user1,user1_20250421_161556.wav
2025-04-21T16:15:59.997053,triangle,149,6596,-5191,44,-23,4,user1,user1_20250421_161556.wav
2025-04-21T16:16:00.001091,triangle,130,6583,-5191,56,-21,8,user1,user1_20250421_161556.wav
2025-04-21T16:16:00.005611,triangle,186,6549,-5222,68,-18,13,user1,user1_20250421_161556.wav
2025-04-21T16:16:00.009678,triangle,171,6453,-5232,74,-16,12,user1,user1_20250421_161556.wav
2025-04-21T16:16:00.013760,triangle,154,6446,-5274,77,-13,10,user1,user1_20250421_161556.wav
2025-04-21T16:16:00.018298,triangle,195,6472,-5262,77,-14,7,user1,user1_20250421_161556.wav
2025-04-21T16:16:00.022816,triangle,160,6451,-5235,80,-12,11,user1,user1_20250421_161556.wav
2025-04-21T16:16:00.026855,triangle,161,6455,-5260,81,-8,11,user1,user1_20250421_161556.wav
2025-04-21T16:16:00.030891,triangle,134,6466,-5260,84,-6,15,user1,user1_20250421_161556.wav
2025-04-21T16:16:00.035430,triangle,121,6532,-5281,87,-5,19,user1,user1_20250421_161556.wav
2025-04-21T16:16:00.039863,triangle,99,6583,-5259,97,-3,26,user1,user1_20250421_161556.wav
2025-04-21T16:16:00.043908,triangle,102,6659,-5254,107,-3,33,user1,user1_20250421_161556.wav
2025-04-21T16:16:00.047947,triangle,120,6666,-5244,120,0,41,user1,user1_20250421_161556.wav
2025-04-21T16:16:00.052027,triangle,90,6697,-5251,134,0,49,user1,user1_20250421_161556.wav
2025-04-21T16:16:00.056060,triangle,62,6707,-5212,148,3,56,user1,user1_20250421_161556.wav
2025-04-21T16:16:00.060601,triangle,64,6713,-5234,161,2,65,user1,user1_20250421_161556.wav
2025-04-21T16:16:00.064639,triangle,35,6715,-5232,176,4,70,user1,user1_20250421_161556.wav
2025-04-21T16:16:00.068927,triangle,79,6705,-5250,191,5,74,user1,user1_20250421_161556.wav
2025-04-21T16:16:00.072965,triangle,55,6606,-5277,204,8,78,user1,user1_20250421_161556.wav
2025-04-21T16:16:00.077004,triangle,101,6521,-5274,211,10,76,user1,user1_20250421_161556.wav
2025-04-21T16:16:00.081043,triangle,139,6486,-5300,214,12,68,user1,user1_20250421_161556.wav
2025-04-21T16:16:00.085483,triangle,201,6440,-5314,213,10,62,user1,user1_20250421_161556.wav
2025-04-21T16:16:00.089940,triangle,161,6245,-5328,206,11,47,user1,user1_20250421_161556.wav
2025-04-21T16:16:00.093978,none,186,6136,-5378,197,10,35,user1,user1_20250421_161556.wav
2025-04-21T16:16:00.098013,none,160,5789,-5472,169,15,19,user1,user1_20250421_161556.wav
2025-04-21T16:16:00.102347,none,227,4881,-5596,98,22,-14,user1,user1_20250421_161556.wav
2025-04-21T16:16:00.107693,none,305,6831,-5448,58,18,-39,user1,user1_20250421_161556.wav
2025-04-21T16:16:00.111734,none,209,6345,-5251,112,6,2,user1,user1_20250421_161556.wav
2025-04-21T16:16:00.115799,none,55,6269,-5289,118,-1,21,user1,user1_20250421_161556.wav
2025-04-21T16:16:00.120319,none,-82,6029,-5380,110,1,37,user1,user1_20250421_161556.wav
2025-04-21T16:16:00.124361,none,-25,5946,-5385,83,11,42,user1,user1_20250421_161556.wav
2025-04-21T16:16:00.128402,none,62,5924,-5384,61,16,30,user1,user1_20250421_161556.wav
2025-04-21T16:16:00.132444,none,175,5850,-5517,32,14,17,user1,user1_20250421_161556.wav
2025-04-21T16:16:00.136930,none,550,5710,-5630,-1,9,0,user1,user1_20250421_161556.wav
2025-04-21T16:16:00.141011,none,425,5743,-5579,-37,0,-24,user1,user1_20250421_161556.wav
2025-04-21T16:16:00.145155,none,155,5825,-5403,-64,-5,-28,user1,user1_20250421_161556.wav
2025-04-21T16:16:00.149563,none,-152,6199,-5287,-82,1,-13,user1,user1_20250421_161556.wav
2025-04-21T16:16:00.153606,none,-189,6396,-5238,-74,5,0,user1,user1_20250421_161556.wav
2025-04-21T16:16:00.157648,none,-161,6509,-5222,-64,9,19,user1,user1_20250421_161556.wav
2025-04-21T16:16:00.161725,none,-63,6658,-5256,-46,14,36,user1,user1_20250421_161556.wav
2025-04-21T16:16:00.166176,none,17,6760,-5272,-25,7,50,user1,user1_20250421_161556.wav
2025-04-21T16:16:00.170824,none,67,6736,-5218,-2,4,66,user1,user1_20250421_161556.wav
2025-04-21T16:16:00.174863,none,90,6729,-5205,12,0,84,user1,user1_20250421_161556.wav
2025-04-21T16:16:00.179174,none,157,6714,-5216,27,0,90,user1,user1_20250421_161556.wav
2025-04-21T16:16:00.183211,none,216,6660,-5229,36,-2,91,user1,user1_20250421_161556.wav
2025-04-21T16:16:00.187694,none,227,6588,-5251,39,-2,88,user1,user1_20250421_161556.wav
2025-04-21T16:16:00.192038,none,246,6512,-5238,43,3,80,user1,user1_20250421_161556.wav
2025-04-21T16:16:00.196078,none,306,6474,-5303,41,4,69,user1,user1_20250421_161556.wav
2025-04-21T16:16:00.200231,none,310,6479,-5280,40,7,56,user1,user1_20250421_161556.wav
2025-04-21T16:16:00.204272,none,295,6507,-5270,43,10,49,user1,user1_20250421_161556.wav
2025-04-21T16:16:00.208635,none,280,6462,-5270,46,10,44,user1,user1_20250421_161556.wav
2025-04-21T16:16:00.212674,none,288,6510,-5264,54,11,42,user1,user1_20250421_161556.wav
2025-04-21T16:16:00.216710,none,266,6530,-5274,61,12,38,user1,user1_20250421_161556.wav
2025-04-21T16:16:00.221166,none,269,6422,-5340,64,13,39,user1,user1_20250421_161556.wav
2025-04-21T16:16:00.225688,none,262,6356,-5368,69,10,44,user1,user1_20250421_161556.wav
2025-04-21T16:16:00.230281,none,255,6377,-5355,64,8,47,user1,user1_20250421_161556.wav
2025-04-21T16:16:00.234795,none,214,6364,-5394,70,4,50,user1,user1_20250421_161556.wav
2025-04-21T16:16:00.239278,none,205,6332,-5384,74,7,50,user1,user1_20250421_161556.wav
2025-04-21T16:16:00.243389,none,207,6293,-5392,73,9,50,user1,user1_20250421_161556.wav
2025-04-21T16:16:00.247899,none,190,6244,-5446,74,4,49,user1,user1_20250421_161556.wav
2025-04-21T16:16:00.252355,none,176,6208,-5421,72,3,50,user1,user1_20250421_161556.wav
2025-04-21T16:16:00.256649,none,171,6145,-5437,70,5,47,user1,user1_20250421_161556.wav
2025-04-21T16:16:00.260709,none,200,6180,-5434,67,1,46,user1,user1_20250421_161556.wav
2025-04-21T16:16:00.264751,none,189,6145,-5471,63,0,47,user1,user1_20250421_161556.wav
2025-04-21T16:16:00.268792,none,163,6149,-5461,57,-1,47,user1,user1_20250421_161556.wav
2025-04-21T16:16:00.272879,none,163,6199,-5455,52,-2,48,user1,user1_20250421_161556.wav
2025-04-21T16:16:00.276916,none,151,6223,-5461,44,-6,45,user1,user1_20250421_161556.wav
2025-04-21T16:16:00.280952,none,192,6188,-5436,39,-5,44,user1,user1_20250421_161556.wav
2025-04-21T16:16:00.284988,none,202,6177,-5452,32,-3,39,user1,user1_20250421_161556.wav
2025-04-21T16:16:00.289374,none,219,6179,-5426,21,-1,33,user1,user1_20250421_161556.wav
2025-04-21T16:16:00.293917,none,203,6252,-5414,4,1,19,user1,user1_20250421_161556.wav
2025-04-21T16:16:00.297953,none,216,6303,-5417,-1,2,11,user1,user1_20250421_161556.wav
2025-04-21T16:16:00.302362,none,237,6281,-5371,-5,5,7,user1,user1_20250421_161556.wav
2025-04-21T16:16:00.306804,none,229,6293,-5356,-8,4,-1,user1,user1_20250421_161556.wav
2025-04-21T16:16:00.311353,none,234,6314,-5318,-12,9,-5,user1,user1_20250421_161556.wav
2025-04-21T16:16:00.315952,none,231,6351,-5328,-9,11,-12,user1,user1_20250421_161556.wav
2025-04-21T16:16:00.320862,none,235,6395,-5297,-8,12,-10,user1,user1_20250421_161556.wav
2025-04-21T16:16:00.324901,none,220,6361,-5280,-6,12,-4,user1,user1_20250421_161556.wav
2025-04-21T16:16:00.328936,none,218,6324,-5291,-1,7,-2,user1,user1_20250421_161556.wav
2025-04-21T16:16:00.332990,none,216,6297,-5288,2,5,-4,user1,user1_20250421_161556.wav
2025-04-21T16:16:00.337061,none,188,6228,-5314,1,2,0,user1,user1_20250421_161556.wav
2025-04-21T16:16:00.341315,none,206,6186,-5302,0,1,-6,user1,user1_20250421_161556.wav
2025-04-21T16:16:00.345856,none,203,6339,-5336,-6,-6,-2,user1,user1_20250421_161556.wav
2025-04-21T16:16:00.350368,none,179,6354,-5342,-2,-6,4,user1,user1_20250421_161556.wav
2025-04-21T16:16:00.354866,none,164,6387,-5324,0,-5,13,user1,user1_20250421_161556.wav
2025-04-21T16:16:00.359191,none,167,6382,-5294,-1,-6,20,user1,user1_20250421_161556.wav
2025-04-21T16:16:00.363232,none,173,6364,-5322,2,-6,25,user1,user1_20250421_161556.wav
2025-04-21T16:16:00.367275,none,196,6342,-5341,0,-5,27,user1,user1_20250421_161556.wav
2025-04-21T16:16:00.371315,none,181,6309,-5340,-1,-3,25,user1,user1_20250421_161556.wav
2025-04-21T16:16:00.375732,none,209,6289,-5355,-7,-2,18,user1,user1_20250421_161556.wav
2025-04-21T16:16:00.380328,none,238,6285,-5303,-11,1,16,user1,user1_20250421_161556.wav
2025-04-21T16:16:00.384368,none,205,6281,-5364,-14,3,10,user1,user1_20250421_161556.wav
2025-04-21T16:16:00.388408,none,191,6275,-5313,-15,4,11,user1,user1_20250421_161556.wav
2025-04-21T16:16:00.392871,none,218,6441,-5240,-10,2,9,user1,user1_20250421_161556.wav
2025-04-21T16:16:00.397174,none,210,6367,-5263,-4,4,12,user1,user1_20250421_161556.wav
2025-04-21T16:16:00.401288,none,231,6423,-5304,-2,3,18,user1,user1_20250421_161556.wav
2025-04-21T16:16:00.405827,square,227,6330,-5238,52,-8,48,user1,user1_20250421_161556.wav
2025-04-21T16:16:00.409887,square,2,5670,-5465,7,2,25,user1,user1_20250421_161556.wav
2025-04-21T16:16:00.414416,square,241,5891,-5533,-21,7,9,user1,user1_20250421_161556.wav
2025-04-21T16:16:00.418921,square,246,6076,-5441,-38,4,0,user1,user1_20250421_161556.wav
