timestamp,button_press,gyro_pitch,gyro_yaw,gyro_roll,acc_x,acc_y,acc_z,user_id
2025-03-07 11:26:30.229072,none,-1033,7907,-2113,36,-15,19,user1
2025-03-07 11:26:30.234104,none,-1055,7870,-2135,34,-15,22,user1
2025-03-07 11:26:30.239138,none,-1068,7897,-2141,24,-13,24,user1
2025-03-07 11:26:30.244168,none,-1102,7854,-2144,17,-10,26,user1
2025-03-07 11:26:30.249582,none,-1032,7844,-2143,-4,-2,34,user1
2025-03-07 11:26:30.254622,none,-1030,7851,-2122,-13,-1,37,user1
2025-03-07 11:26:30.259656,none,-1003,7824,-2134,-20,3,41,user1
2025-03-07 11:26:30.264684,none,-997,7900,-2111,-32,10,54,user1
2025-03-07 11:26:30.269711,none,-987,7924,-2109,-40,12,53,user1
2025-03-07 11:26:30.274294,none,-1003,7969,-2116,-38,15,55,user1
2025-03-07 11:26:30.279328,none,-981,7984,-2108,-35,18,52,user1
2025-03-07 11:26:30.284434,none,-963,8026,-2058,-26,21,46,user1
2025-03-07 11:26:30.289490,none,-946,7994,-2079,-16,23,42,user1
2025-03-07 11:26:30.293575,none,-931,8060,-2055,-8,20,35,user1
2025-03-07 11:26:30.298635,none,-943,8072,-2055,3,24,30,user1
2025-03-07 11:26:30.303831,none,-942,8046,-2060,14,24,24,user1
2025-03-07 11:26:30.310173,none,-962,8021,-2029,28,24,14,user1
2025-03-07 11:26:30.315259,none,-963,7991,-2026,37,24,9,user1
2025-03-07 11:26:30.320117,none,-981,7969,-2049,44,23,10,user1
2025-03-07 11:26:30.325140,none,-994,7948,-2076,57,20,17,user1
2025-03-07 11:26:30.330154,none,-1023,7886,-2079,60,21,23,user1
2025-03-07 11:26:30.334821,none,-1012,7981,-2047,63,24,30,user1
2025-03-07 11:26:30.339865,none,-1006,7982,-2052,66,26,31,user1
2025-03-07 11:26:30.344931,none,-919,7883,-2083,56,29,41,user1
2025-03-07 11:26:30.350135,none,-894,7879,-2121,37,31,44,user1
2025-03-07 11:26:30.355196,none,-901,7865,-2123,22,32,48,user1
2025-03-07 11:26:30.360453,none,-875,7853,-2091,-10,35,54,user1
2025-03-07 11:26:30.365516,none,-860,7851,-2098,-30,36,55,user1
2025-03-07 11:26:30.370556,none,-845,7856,-2103,-45,34,60,user1
2025-03-07 11:26:30.375590,none,-902,7927,-2102,-55,32,67,user1
2025-03-07 11:26:30.380622,none,-883,7953,-2002,-62,27,75,user1
2025-03-07 11:26:30.385653,none,-873,7973,-2018,-61,25,77,user1
2025-03-07 11:26:30.389939,none,-860,7996,-1984,-54,25,77,user1
2025-03-07 11:26:30.394978,none,-841,8076,-1967,-50,27,75,user1
2025-03-07 11:26:30.400040,none,-831,8034,-1994,-39,23,71,user1
2025-03-07 11:26:30.405129,none,-855,8014,-1994,-26,23,62,user1
2025-03-07 11:26:30.410171,none,-870,7913,-1974,-24,22,60,user1
2025-03-07 11:26:30.415217,none,-856,7842,-1951,-25,23,60,user1
2025-03-07 11:26:30.420301,none,-822,7819,-1941,-29,22,70,user1
2025-03-07 11:26:30.425402,none,-781,7929,-1945,-36,8,90,user1
2025-03-07 11:26:30.430456,none,-786,7932,-1964,-40,2,97,user1
2025-03-07 11:26:30.434954,none,-773,7944,-1945,-44,-9,106,user1
2025-03-07 11:26:30.440026,none,-808,7939,-1934,-53,-20,109,user1
2025-03-07 11:26:30.445094,none,-837,7929,-1913,-68,-36,117,user1
2025-03-07 11:26:30.450305,none,-801,7933,-1913,-74,-43,119,user1
2025-03-07 11:26:30.455331,none,-832,7952,-1941,-81,-51,123,user1
2025-03-07 11:26:30.460412,none,-764,8023,-1943,-83,-65,124,user1
2025-03-07 11:26:30.465443,none,-802,8061,-1929,-77,-70,122,user1
2025-03-07 11:26:30.470471,none,-812,8118,-1891,-66,-71,117,user1
2025-03-07 11:26:30.475504,none,-820,8264,-1857,-49,-68,109,user1
2025-03-07 11:26:30.480938,up,-951,8850,-1669,42,-45,73,user1
2025-03-07 11:26:30.486105,up,-684,7124,-2251,92,-32,74,user1
2025-03-07 11:26:30.491256,up,-648,7148,-2406,30,-45,94,user1
2025-03-07 11:26:30.495823,up,-774,7573,-2295,-29,-54,106,user1
2025-03-07 11:26:30.500898,up,-694,7804,-2128,-119,-55,89,user1
2025-03-07 11:26:30.505926,up,-756,7934,-2043,-145,-42,78,user1
2025-03-07 11:26:30.510955,up,-802,8046,-1973,-145,-27,73,user1
2025-03-07 11:26:30.515986,up,-810,8180,-1983,-130,-14,72,user1
2025-03-07 11:26:30.521013,up,-846,8062,-1988,-94,4,63,user1
2025-03-07 11:26:30.526042,up,-849,8016,-1990,-89,12,57,user1
2025-03-07 11:26:30.531068,up,-851,8028,-1973,-81,17,55,user1
2025-03-07 11:26:30.536087,up,-876,8019,-1961,-71,20,56,user1
2025-03-07 11:26:30.541111,up,-852,8048,-1895,-51,23,62,user1
2025-03-07 11:26:30.545664,up,-811,8024,-1892,-38,22,66,user1
2025-03-07 11:26:30.550880,up,-785,7997,-1942,-33,16,64,user1
2025-03-07 11:26:30.555561,up,-786,7971,-1910,-31,8,62,user1
2025-03-07 11:26:30.560584,up,-755,7924,-1928,-44,-8,62,user1
2025-03-07 11:26:30.565613,up,-776,7985,-1897,-46,-17,62,user1
2025-03-07 11:26:30.570652,up,-756,8002,-1895,-48,-21,59,user1
2025-03-07 11:26:30.575477,up,-787,8092,-1919,-38,-26,61,user1
2025-03-07 11:26:30.580514,up,-801,8240,-1913,-2,-33,52,user1
2025-03-07 11:26:30.585586,up,-811,8239,-1907,20,-31,46,user1
2025-03-07 11:26:30.590627,up,-836,8212,-1901,43,-32,38,user1
2025-03-07 11:26:30.595324,up,-792,8246,-1906,66,-27,28,user1
2025-03-07 11:26:30.600436,up,-776,8210,-1934,102,-16,9,user1
2025-03-07 11:26:30.605493,up,-799,8197,-1957,122,-10,4,user1
2025-03-07 11:26:30.609647,up,-794,8141,-1961,133,-5,-2,user1
2025-03-07 11:26:30.614692,up,-799,8070,-1986,140,0,-10,user1
2025-03-07 11:26:30.619741,up,-832,8029,-2012,147,4,-12,user1
2025-03-07 11:26:30.624774,up,-841,7890,-2031,131,14,-20,user1
2025-03-07 11:26:30.629855,up,-817,7863,-2063,115,17,-22,user1
2025-03-07 11:26:30.634892,up,-793,7899,-2095,100,20,-26,user1
2025-03-07 11:26:30.639587,up,-801,7884,-2105,86,20,-30,user1
2025-03-07 11:26:30.644625,none,-748,7795,-2122,60,24,-25,user1
2025-03-07 11:26:30.649897,none,-724,7697,-2138,44,26,-25,user1
2025-03-07 11:26:30.654975,none,-660,7538,-2234,17,24,-18,user1
2025-03-07 11:26:30.660008,none,-651,7320,-2299,-26,15,-7,user1
2025-03-07 11:26:30.665047,none,-788,8245,-2034,-164,-9,0,user1
2025-03-07 11:26:30.670076,none,-1028,9068,-1579,-125,0,-26,user1
2025-03-07 11:26:30.674305,none,-994,8757,-1574,-39,26,-58,user1
2025-03-07 11:26:30.679356,none,-876,8402,-1723,42,44,-74,user1
2025-03-07 11:26:30.684525,none,-756,8001,-1962,137,63,-74,user1
2025-03-07 11:26:30.689568,none,-739,7897,-2053,150,58,-77,user1
2025-03-07 11:26:30.694614,none,-742,7786,-2060,141,47,-86,user1
2025-03-07 11:26:30.699336,none,-783,7753,-2037,123,44,-94,user1
2025-03-07 11:26:30.704481,none,-721,7800,-2048,82,36,-114,user1
2025-03-07 11:26:30.709511,none,-724,7855,-2044,71,28,-124,user1
2025-03-07 11:26:30.714547,none,-758,7830,-2039,67,26,-131,user1
2025-03-07 11:26:30.719579,none,-813,7792,-2039,57,24,-134,user1
2025-03-07 11:26:30.724612,none,-807,7785,-2077,37,21,-129,user1
2025-03-07 11:26:32.998784,none,-763,7941,-2082,4,0,0,user1
2025-03-07 11:26:33.003829,none,-758,7907,-2093,1,1,-4,user1
2025-03-07 11:26:33.008860,none,-770,7899,-2101,-3,3,-3,user1
2025-03-07 11:26:33.013883,none,-781,7908,-2083,-9,2,-1,user1
2025-03-07 11:26:33.018203,none,-789,7909,-2077,-11,3,3,user1
2025-03-07 11:26:33.023242,none,-810,7948,-2081,-11,6,6,user1
2025-03-07 11:26:33.028376,none,-825,7947,-2079,-15,4,15,user1
2025-03-07 11:26:33.033402,none,-765,7902,-2065,-24,5,19,user1
2025-03-07 11:26:33.038652,none,-811,7923,-2031,-27,6,19,user1
2025-03-07 11:26:33.043749,none,-809,7937,-2042,-33,7,21,user1
2025-03-07 11:26:33.048787,none,-727,7923,-2063,-43,4,22,user1
2025-03-07 11:26:33.053831,none,-767,7945,-2065,-44,0,22,user1
2025-03-07 11:26:33.058873,none,-735,8000,-2029,-45,0,25,user1
2025-03-07 11:26:33.063006,none,-761,8027,-2037,-40,-3,23,user1
2025-03-07 11:26:33.068074,none,-776,8037,-2008,-33,-6,25,user1
2025-03-07 11:26:33.072858,none,-765,8042,-2020,-12,-12,16,user1
2025-03-07 11:26:33.077890,none,-785,8063,-2034,-1,-13,13,user1
2025-03-07 11:26:33.082928,none,-744,8067,-2021,7,-12,11,user1
2025-03-07 11:26:33.087955,none,-789,7991,-2035,12,-11,5,user1
2025-03-07 11:26:33.093003,none,-789,7994,-2044,14,-9,-1,user1
2025-03-07 11:26:33.098088,none,-782,8005,-2075,17,-8,-6,user1
2025-03-07 11:26:33.103125,none,-800,7949,-2092,9,-14,-8,user1
2025-03-07 11:26:33.108156,none,-809,7948,-2087,1,-13,-7,user1
2025-03-07 11:26:33.113191,none,-828,8002,-2064,-7,-9,-4,user1
2025-03-07 11:26:33.118041,none,-841,8019,-2041,-6,-9,-2,user1
2025-03-07 11:26:33.123078,none,-846,8008,-2050,-4,-5,0,user1
2025-03-07 11:26:33.128124,none,-836,8032,-2056,-6,-5,8,user1
2025-03-07 11:26:33.132856,none,-845,8035,-2088,-4,-5,8,user1
2025-03-07 11:26:33.138119,none,-848,8017,-2066,-5,-3,15,user1
2025-03-07 11:26:33.143162,none,-877,8007,-2067,-8,-1,18,user1
2025-03-07 11:26:33.148192,none,-841,8031,-2059,-8,0,20,user1
2025-03-07 11:26:33.153225,none,-835,8013,-2076,-7,3,27,user1
2025-03-07 11:26:33.157823,none,-780,7988,-2120,-10,5,33,user1
2025-03-07 11:26:33.162849,none,-804,7963,-2090,-15,6,36,user1
2025-03-07 11:26:33.167878,none,-814,7997,-2048,-17,3,40,user1
2025-03-07 11:26:33.172865,none,-790,8043,-2053,-18,7,44,user1
2025-03-07 11:26:33.177898,none,-783,8012,-2063,-18,7,44,user1
2025-03-07 11:26:33.182929,none,-783,7980,-2072,-20,9,45,user1
2025-03-07 11:26:33.188018,none,-787,7985,-2072,-25,11,50,user1
2025-03-07 11:26:33.193064,none,-792,7954,-2046,-30,11,57,user1
2025-03-07 11:26:33.198091,none,-798,7962,-2056,-33,14,61,user1
2025-03-07 11:26:33.203118,none,-795,7934,-2067,-40,14,68,user1
2025-03-07 11:26:33.208169,none,-761,7915,-2109,-47,11,72,user1
2025-03-07 11:26:33.212862,none,-749,7894,-2136,-75,0,92,user1
2025-03-07 11:26:33.217901,none,-727,7896,-2121,-87,-4,101,user1
2025-03-07 11:26:33.222930,none,-769,7979,-2093,-96,-7,117,user1
2025-03-07 11:26:33.227967,none,-766,8028,-2087,-102,-9,124,user1
2025-03-07 11:26:33.233010,none,-799,8087,-2020,-105,-10,139,user1
2025-03-07 11:26:33.238253,none,-850,8203,-1932,-98,-10,141,user1
2025-03-07 11:26:33.243285,none,-870,8406,-1834,-80,-4,145,user1
2025-03-07 11:26:33.248498,up,-918,8495,-1716,49,25,124,user1
2025-03-07 11:26:33.253538,up,-523,6847,-2421,55,24,143,user1
2025-03-07 11:26:33.258575,up,-601,7487,-2351,-12,1,170,user1
2025-03-07 11:26:33.263644,up,-581,7551,-2210,-66,-18,176,user1
2025-03-07 11:26:33.268683,up,-640,7767,-2040,-150,-36,167,user1
2025-03-07 11:26:33.272862,up,-672,7859,-1931,-169,-33,161,user1
2025-03-07 11:26:33.277902,up,-639,7884,-1956,-173,-29,164,user1
2025-03-07 11:26:33.282949,up,-590,7839,-2043,-175,-26,168,user1
2025-03-07 11:26:33.287987,up,-530,7744,-2118,-192,-31,172,user1
2025-03-07 11:26:33.293096,up,-564,7673,-2005,-250,-40,193,user1
2025-03-07 11:26:33.298198,up,-576,7740,-2013,-282,-44,201,user1
2025-03-07 11:26:33.303231,up,-618,7856,-1958,-305,-50,214,user1
2025-03-07 11:26:33.308014,up,-631,7985,-1870,-317,-54,220,user1
2025-03-07 11:26:33.313044,up,-616,8056,-1843,-331,-58,224,user1
2025-03-07 11:26:33.318082,up,-597,8075,-1817,-337,-61,221,user1
2025-03-07 11:26:33.323146,up,-611,8145,-1778,-342,-66,214,user1
2025-03-07 11:26:33.328164,up,-556,8208,-1747,-338,-67,210,user1
2025-03-07 11:26:33.333183,up,-573,8303,-1694,-300,-70,191,user1
2025-03-07 11:26:33.338316,up,-571,8262,-1647,-272,-68,182,user1
2025-03-07 11:26:33.343344,up,-534,8283,-1659,-243,-65,171,user1
2025-03-07 11:26:33.348518,up,-505,8356,-1670,-178,-68,141,user1
2025-03-07 11:26:33.353579,up,-524,8345,-1668,-145,-68,120,user1
2025-03-07 11:26:33.358625,up,-520,8333,-1664,-114,-66,102,user1
2025-03-07 11:26:33.363665,up,-517,8315,-1646,-84,-66,83,user1
2025-03-07 11:26:33.368193,up,-486,8321,-1632,-51,-64,64,user1
2025-03-07 11:26:33.373217,up,-481,8219,-1694,5,-59,37,user1
2025-03-07 11:26:33.378201,up,-493,8161,-1709,22,-54,27,user1
2025-03-07 11:26:33.383246,up,-518,8167,-1727,39,-50,17,user1
2025-03-07 11:26:33.388280,up,-547,8172,-1718,55,-46,5,user1
2025-03-07 11:26:33.393324,up,-592,8158,-1713,85,-40,-11,user1
2025-03-07 11:26:33.398379,up,-604,8131,-1740,100,-38,-20,user1
2025-03-07 11:26:33.403421,up,-624,8155,-1780,113,-31,-28,user1
2025-03-07 11:26:33.408455,up,-619,8095,-1793,127,-13,-39,user1
2025-03-07 11:26:33.413483,up,-579,8078,-1796,137,-6,-47,user1
2025-03-07 11:26:33.418512,up,-630,8056,-1842,144,3,-55,user1
2025-03-07 11:26:33.423538,up,-628,8039,-1854,151,14,-61,user1
2025-03-07 11:26:33.428572,up,-619,8025,-1906,157,28,-73,user1
2025-03-07 11:26:33.433604,up,-601,7990,-1912,162,35,-81,user1
2025-03-07 11:26:33.438845,up,-605,7979,-1914,164,38,-86,user1
2025-03-07 11:26:33.443881,up,-599,7969,-1902,172,41,-90,user1
2025-03-07 11:26:33.448914,up,-596,7840,-1949,173,43,-102,user1
2025-03-07 11:26:33.453948,up,-601,7828,-1956,169,42,-109,user1
2025-03-07 11:26:33.458982,up,-595,7817,-1968,164,39,-120,user1
2025-03-07 11:26:33.463826,up,-631,7833,-1941,153,42,-129,user1
2025-03-07 11:26:33.468860,none,-615,7853,-1966,143,37,-156,user1
2025-03-07 11:26:33.473908,none,-589,7786,-2006,134,37,-167,user1
2025-03-07 11:26:33.478980,none,-590,7658,-2032,119,33,-171,user1
2025-03-07 11:26:33.484012,none,-577,7440,-2120,89,26,-173,user1
2025-03-07 11:26:33.489042,none,-474,6789,-2403,-45,-8,-152,user1
2025-03-07 11:26:33.494080,none,-765,8294,-1944,-118,-25,-157,user1
2025-03-07 11:26:34.457807,none,-695,7986,-1951,12,4,10,user1
2025-03-07 11:26:34.462837,none,-649,7992,-1991,8,3,10,user1
2025-03-07 11:26:34.467874,none,-666,7993,-1989,4,4,9,user1
2025-03-07 11:26:34.472906,none,-690,7990,-1965,3,4,5,user1
2025-03-07 11:26:34.477938,none,-718,7958,-1969,8,6,3,user1
2025-03-07 11:26:34.482970,none,-686,7998,-1965,7,5,2,user1
2025-03-07 11:26:34.487549,none,-701,7951,-1989,7,6,4,user1
2025-03-07 11:26:34.492594,none,-710,7953,-1966,3,2,4,user1
2025-03-07 11:26:34.497699,none,-720,7982,-1974,2,1,4,user1
2025-03-07 11:26:34.502767,none,-705,7988,-1952,1,-2,10,user1
2025-03-07 11:26:34.507815,none,-707,7987,-1978,4,0,9,user1
2025-03-07 11:26:34.512182,none,-717,8015,-1966,-1,1,7,user1
2025-03-07 11:26:34.517228,none,-734,7958,-1962,0,1,11,user1
2025-03-07 11:26:34.522321,none,-713,7986,-1960,-3,5,11,user1
2025-03-07 11:26:34.527360,none,-734,7981,-1941,-2,2,14,user1
2025-03-07 11:26:34.532686,none,-700,8001,-1962,-3,3,20,user1
2025-03-07 11:26:34.538098,none,-677,7983,-2002,-5,2,19,user1
2025-03-07 11:26:34.543142,none,-684,7958,-1971,-9,3,23,user1
2025-03-07 11:26:34.548197,none,-687,7952,-1963,-11,2,21,user1
2025-03-07 11:26:34.553163,none,-675,8009,-1970,-15,5,21,user1
2025-03-07 11:26:34.558199,none,-676,8043,-1986,-12,5,21,user1
2025-03-07 11:26:34.563316,none,-668,8024,-1997,-8,8,18,user1
2025-03-07 11:26:34.567625,none,-672,8023,-1968,-5,9,20,user1
2025-03-07 11:26:34.572664,none,-670,8014,-1964,2,6,13,user1
2025-03-07 11:26:34.577691,none,-682,7995,-1970,9,7,10,user1
2025-03-07 11:26:34.582766,none,-658,7992,-1969,9,8,9,user1
2025-03-07 11:26:34.587534,none,-676,7995,-1956,13,9,8,user1
2025-03-07 11:26:34.592561,none,-681,8020,-1940,12,9,3,user1
2025-03-07 11:26:34.597589,none,-679,8002,-1942,5,9,4,user1
2025-03-07 11:26:34.602617,none,-702,7965,-1963,0,12,6,user1
2025-03-07 11:26:34.607691,none,-695,7980,-1940,-3,10,6,user1
2025-03-07 11:26:34.612725,none,-677,8018,-1941,-6,9,3,user1
2025-03-07 11:26:34.617253,none,-692,7995,-1937,-10,8,8,user1
2025-03-07 11:26:34.622283,none,-700,7999,-1934,-14,10,13,user1
2025-03-07 11:26:34.627318,none,-732,8041,-1924,-13,8,17,user1
2025-03-07 11:26:34.632588,none,-688,8045,-1972,-10,4,21,user1
2025-03-07 11:26:34.637629,none,-691,7969,-1979,-13,2,23,user1
2025-03-07 11:26:34.642662,none,-670,7997,-1951,-19,0,28,user1
2025-03-07 11:26:34.647517,none,-676,7987,-1988,-23,-3,30,user1
2025-03-07 11:26:34.652564,none,-715,8080,-1940,-29,-1,33,user1
2025-03-07 11:26:34.657607,none,-700,8181,-1953,-20,2,42,user1
2025-03-07 11:26:34.662646,none,-728,8159,-1938,-6,5,49,user1
2025-03-07 11:26:34.667685,none,-735,8076,-1939,7,11,59,user1
2025-03-07 11:26:34.672723,none,-715,7976,-1943,5,14,72,user1
2025-03-07 11:26:34.677754,none,-680,7946,-1950,-4,16,76,user1
2025-03-07 11:26:34.682723,none,-672,7944,-1968,-20,13,81,user1
2025-03-07 11:26:34.687780,none,-664,7990,-1957,-32,10,87,user1
2025-03-07 11:26:34.692829,none,-697,8128,-1897,-39,4,92,user1
2025-03-07 11:26:34.697882,none,-680,8258,-1869,-29,3,94,user1
2025-03-07 11:26:34.702917,none,-715,8521,-1744,-9,4,88,user1
2025-03-07 11:26:34.707968,up,-830,8921,-1590,45,14,73,user1
2025-03-07 11:26:34.713034,up,-454,7034,-2334,51,9,100,user1
2025-03-07 11:26:34.718073,up,-576,7701,-2160,-12,-16,117,user1
2025-03-07 11:26:34.723107,up,-553,7930,-2027,-55,-28,109,user1
2025-03-07 11:26:34.728139,up,-522,7915,-1981,-83,-36,97,user1
2025-03-07 11:26:34.733282,up,-676,8086,-1856,-97,-37,83,user1
2025-03-07 11:26:34.738312,up,-699,8148,-1880,-80,-31,79,user1
2025-03-07 11:26:34.743370,up,-660,8160,-1905,-60,-27,75,user1
2025-03-07 11:26:34.748689,up,-639,8086,-1920,-34,-23,63,user1
2025-03-07 11:26:34.753750,up,-640,8085,-1930,-23,-19,60,user1
2025-03-07 11:26:34.758802,up,-649,8064,-1937,-8,-13,53,user1
2025-03-07 11:26:34.763841,up,-612,8037,-1948,6,-10,51,user1
2025-03-07 11:26:34.768887,up,-635,7971,-1959,21,4,37,user1
2025-03-07 11:26:34.773947,up,-607,7919,-1973,24,9,31,user1
2025-03-07 11:26:34.778972,up,-615,7882,-1991,18,11,24,user1
2025-03-07 11:26:34.783936,up,-628,7871,-1989,10,11,18,user1
2025-03-07 11:26:34.789048,up,-598,7909,-1954,4,16,11,user1
2025-03-07 11:26:34.794088,up,-622,7935,-1941,2,18,8,user1
2025-03-07 11:26:34.799131,up,-606,7938,-1967,0,17,4,user1
2025-03-07 11:26:34.804159,up,-599,8000,-1931,3,20,1,user1
2025-03-07 11:26:34.809179,up,-601,8009,-1915,12,18,-8,user1
2025-03-07 11:26:34.814203,up,-624,8043,-1905,15,16,-13,user1
2025-03-07 11:26:34.819232,up,-590,8057,-1893,20,15,-22,user1
2025-03-07 11:26:34.824318,up,-590,8094,-1890,39,13,-34,user1
2025-03-07 11:26:34.828935,up,-594,8061,-1886,48,7,-43,user1
2025-03-07 11:26:34.834200,up,-595,8041,-1876,53,3,-45,user1
2025-03-07 11:26:34.839237,up,-624,8031,-1905,60,2,-49,user1
2025-03-07 11:26:34.843780,up,-614,7981,-1891,61,-1,-52,user1
2025-03-07 11:26:34.848802,up,-614,8007,-1941,63,-8,-56,user1
2025-03-07 11:26:34.853825,up,-632,7988,-1947,63,-9,-60,user1
2025-03-07 11:26:34.858075,up,-643,8045,-1934,64,-10,-59,user1
2025-03-07 11:26:34.863111,up,-633,8039,-1973,64,-4,-59,user1
2025-03-07 11:26:34.868151,up,-683,8016,-1946,64,-3,-57,user1
2025-03-07 11:26:34.873192,none,-679,8006,-2015,63,5,-52,user1
2025-03-07 11:26:34.878270,none,-617,7990,-1967,65,9,-47,user1
2025-03-07 11:26:34.883298,none,-621,7976,-2016,60,13,-41,user1
2025-03-07 11:26:34.888456,none,-578,7801,-2087,43,16,-30,user1
2025-03-07 11:26:34.892907,none,-541,7578,-2184,20,12,-21,user1
2025-03-07 11:26:34.897933,none,-476,7175,-2330,-32,5,-10,user1
2025-03-07 11:26:34.903005,none,-499,7553,-2262,-113,-10,0,user1
2025-03-07 11:26:34.908039,none,-807,8798,-1710,-134,-9,-12,user1
2025-03-07 11:26:34.913068,none,-761,8392,-1748,8,42,-69,user1
2025-03-07 11:26:34.918110,none,-722,8174,-1928,47,56,-73,user1
2025-03-07 11:26:34.922893,none,-692,8000,-1996,66,63,-71,user1
2025-03-07 11:26:34.927980,none,-672,7935,-2048,70,63,-72,user1
2025-03-07 11:26:34.933248,none,-619,7883,-1972,48,54,-87,user1
2025-03-07 11:26:34.938281,none,-662,7910,-1956,33,50,-90,user1
2025-03-07 11:26:34.943312,none,-656,7961,-1949,30,50,-94,user1
2025-03-07 11:26:34.948546,none,-651,7946,-1928,40,37,-102,user1
2025-03-07 11:26:34.953646,none,-693,7942,-1913,42,33,-101,user1
2025-03-07 11:26:35.536264,none,-932,7897,-2002,13,24,25,user1
2025-03-07 11:26:35.541302,none,-940,8045,-1962,5,35,23,user1
2025-03-07 11:26:35.545756,none,-905,8048,-2027,7,41,25,user1
2025-03-07 11:26:35.550790,none,-694,7917,-2187,14,44,23,user1
2025-03-07 11:26:35.555833,none,-575,7851,-2306,3,37,25,user1
2025-03-07 11:26:35.560875,none,-750,7940,-2255,-24,31,14,user1
2025-03-07 11:26:35.565017,none,-823,7934,-2207,-39,38,0,user1
2025-03-07 11:26:35.570099,none,-942,7974,-2132,-53,54,-10,user1
2025-03-07 11:26:35.575141,none,-1041,8056,-2058,-51,78,-16,user1
2025-03-07 11:26:35.580183,none,-1110,8082,-1959,-37,106,-26,user1
2025-03-07 11:26:35.585224,none,-1206,8087,-1914,15,173,-28,user1
2025-03-07 11:26:35.589577,none,-927,7925,-2132,44,201,-25,user1
2025-03-07 11:26:35.594619,none,-605,7659,-2376,45,200,-22,user1
2025-03-07 11:26:35.599655,none,-709,7788,-2419,31,191,-27,user1
2025-03-07 11:26:35.604697,none,-1262,7944,-2007,-16,183,-55,user1
2025-03-07 11:26:35.609735,none,-1330,7924,-1810,-21,202,-66,user1
2025-03-07 11:26:35.614766,none,-1221,7878,-1815,-16,226,-68,user1
2025-03-07 11:26:35.619846,none,-527,7620,-2312,-18,235,-66,user1
2025-03-07 11:26:35.624888,none,-1091,8173,-1948,-29,207,-71,user1
2025-03-07 11:26:35.630141,none,-1077,8178,-1924,-9,209,-73,user1
2025-03-07 11:26:35.634902,none,-855,8033,-2109,8,208,-72,user1
2025-03-07 11:26:35.639936,none,-496,7652,-2337,1,186,-70,user1
2025-03-07 11:26:35.644973,none,-1046,7941,-1955,-40,147,-71,user1
2025-03-07 11:26:35.649416,none,-1338,8127,-1728,-33,157,-67,user1
2025-03-07 11:26:35.654492,none,-1383,8110,-1638,-10,178,-58,user1
2025-03-07 11:26:35.659520,none,-1265,8160,-1670,22,197,-38,user1
2025-03-07 11:26:35.664553,none,-805,8123,-2107,101,201,-2,user1
2025-03-07 11:26:35.669592,none,-773,8027,-2113,117,182,8,user1
2025-03-07 11:26:35.674631,none,-838,7953,-2129,119,165,13,user1
2025-03-07 11:26:35.679664,none,-853,7895,-2131,112,148,15,user1
2025-03-07 11:26:35.684698,none,-936,7806,-2119,66,116,13,user1
2025-03-07 11:26:35.689579,none,-975,7795,-2049,36,108,7,user1
2025-03-07 11:26:35.694634,none,-925,7864,-2094,7,105,1,user1
2025-03-07 11:26:35.699674,none,-928,7863,-2113,-19,99,-2,user1
2025-03-07 11:26:35.704705,none,-1041,7850,-2046,-60,97,3,user1
2025-03-07 11:26:35.708929,none,-979,7851,-2084,-73,101,10,user1
2025-03-07 11:26:35.713968,none,-933,7893,-2115,-84,100,23,user1
2025-03-07 11:26:35.719049,none,-909,7898,-2106,-93,98,34,user1
2025-03-07 11:26:35.724089,none,-923,7862,-2060,-99,99,45,user1
2025-03-07 11:26:35.729624,none,-920,7842,-2045,-117,104,77,user1
2025-03-07 11:26:35.734666,none,-915,7817,-2064,-127,104,91,user1
2025-03-07 11:26:35.739699,none,-872,7705,-2118,-149,103,112,user1
2025-03-07 11:26:35.744730,none,-666,7652,-2288,-221,81,144,user1
2025-03-07 11:26:35.749762,none,-662,7638,-2245,-267,63,161,user1
2025-03-07 11:26:35.754605,none,-667,7673,-2201,-307,50,176,user1
2025-03-07 11:26:35.759645,none,-660,7702,-2175,-352,39,185,user1
2025-03-07 11:26:35.764678,none,-719,7892,-1960,-412,30,207,user1
2025-03-07 11:26:35.769709,none,-733,8011,-1948,-428,29,213,user1
2025-03-07 11:26:35.774739,none,-744,8196,-1947,-433,32,213,user1
2025-03-07 11:26:35.779765,none,-738,8334,-1963,-429,30,208,user1
2025-03-07 11:26:35.784873,left,-693,7732,-1966,-414,25,172,user1
2025-03-07 11:26:35.789924,left,-803,7401,-2051,-451,15,184,user1
2025-03-07 11:26:35.794956,left,-847,7384,-1916,-490,10,208,user1
2025-03-07 11:26:35.799997,left,-717,7543,-1833,-519,7,234,user1
2025-03-07 11:26:35.805035,left,-622,7670,-1899,-567,-2,269,user1
2025-03-07 11:26:35.810086,left,-631,7690,-1810,-593,-9,281,user1
2025-03-07 11:26:35.815133,left,-673,7706,-1712,-624,-14,284,user1
2025-03-07 11:26:35.819264,left,-625,7615,-1694,-658,-13,288,user1
2025-03-07 11:26:35.824288,left,-496,7559,-1742,-708,-12,294,user1
2025-03-07 11:26:35.829594,left,-507,7895,-1678,-793,-18,309,user1
2025-03-07 11:26:35.834620,left,-575,8129,-1645,-812,-20,313,user1
2025-03-07 11:26:35.839663,left,-673,8284,-1541,-813,-19,309,user1
2025-03-07 11:26:35.844001,left,-686,8269,-1507,-806,-12,301,user1
2025-03-07 11:26:35.849036,left,-702,8330,-1414,-776,10,285,user1
2025-03-07 11:26:35.854072,left,-707,8408,-1390,-753,22,278,user1
2025-03-07 11:26:35.859104,left,-665,8421,-1357,-717,37,262,user1
2025-03-07 11:26:35.864139,left,-663,8445,-1281,-676,56,245,user1
2025-03-07 11:26:35.869160,left,-628,8554,-1224,-580,86,198,user1
2025-03-07 11:26:35.874181,left,-632,8688,-1196,-517,102,167,user1
2025-03-07 11:26:35.879208,left,-606,8715,-1146,-454,120,136,user1
2025-03-07 11:26:35.884308,left,-560,8658,-1175,-305,158,66,user1
2025-03-07 11:26:35.889368,left,-588,8605,-1155,-248,174,35,user1
2025-03-07 11:26:35.894430,left,-612,8553,-1244,-191,186,-2,user1
2025-03-07 11:26:35.899475,left,-631,8439,-1243,-135,191,-39,user1
2025-03-07 11:26:35.904512,left,-613,8283,-1254,-44,183,-96,user1
2025-03-07 11:26:35.909537,left,-624,8253,-1225,-10,169,-126,user1
2025-03-07 11:26:35.914098,left,-700,8194,-1213,18,160,-151,user1
2025-03-07 11:26:35.919136,left,-721,8099,-1222,34,147,-176,user1
2025-03-07 11:26:35.924175,left,-700,8062,-1248,48,134,-201,user1
2025-03-07 11:26:35.929502,left,-667,8091,-1275,65,109,-242,user1
2025-03-07 11:26:35.934544,left,-693,8171,-1269,72,98,-263,user1
2025-03-07 11:26:35.939587,left,-698,8194,-1273,85,90,-279,user1
2025-03-07 11:26:35.944619,left,-796,8219,-1215,116,80,-301,user1
2025-03-07 11:26:35.949650,left,-831,8250,-1247,131,79,-301,user1
2025-03-07 11:26:35.954678,left,-909,8180,-1211,150,80,-295,user1
2025-03-07 11:26:35.959704,left,-948,8197,-1224,172,85,-288,user1
2025-03-07 11:26:35.964736,left,-933,8217,-1291,214,85,-263,user1
2025-03-07 11:26:35.969773,left,-921,8215,-1355,230,84,-250,user1
2025-03-07 11:26:35.974808,left,-888,8149,-1401,240,82,-240,user1
2025-03-07 11:26:35.979376,left,-927,8152,-1409,243,77,-227,user1
2025-03-07 11:26:35.984399,left,-1003,8256,-1398,251,73,-216,user1
2025-03-07 11:26:35.989422,left,-985,8307,-1383,259,75,-221,user1
2025-03-07 11:26:35.994460,left,-981,8310,-1356,272,77,-221,user1
2025-03-07 11:26:35.999541,left,-1014,8291,-1350,293,79,-221,user1
2025-03-07 11:26:36.004566,left,-1066,8191,-1383,335,82,-225,user1
2025-03-07 11:26:36.009595,left,-1078,8165,-1416,351,80,-226,user1
2025-03-07 11:26:36.014632,left,-1083,8135,-1480,363,73,-237,user1
2025-03-07 11:26:36.019665,left,-1034,8106,-1522,369,63,-243,user1
2025-03-07 11:26:36.024699,none,-934,8039,-1579,364,40,-261,user1
2025-03-07 11:26:36.029077,none,-947,8033,-1630,353,27,-274,user1
2025-03-07 11:26:36.486944,none,-842,8007,-1742,-59,17,56,user1
2025-03-07 11:26:36.491973,none,-836,7997,-1693,-64,14,51,user1
2025-03-07 11:26:36.496998,none,-832,8024,-1679,-59,9,50,user1
2025-03-07 11:26:36.502021,none,-833,8044,-1702,-52,5,52,user1
2025-03-07 11:26:36.507050,none,-837,8049,-1673,-44,1,50,user1
2025-03-07 11:26:36.512086,none,-857,8056,-1687,-41,-3,48,user1
2025-03-07 11:26:36.517122,none,-840,8022,-1695,-34,-12,38,user1
2025-03-07 11:26:36.522150,none,-878,8041,-1671,-29,-16,35,user1
2025-03-07 11:26:36.527419,none,-909,8047,-1709,-25,-19,32,user1
2025-03-07 11:26:36.532637,none,-923,8069,-1660,-3,-17,34,user1
2025-03-07 11:26:36.537708,none,-890,8042,-1624,5,-14,36,user1
2025-03-07 11:26:36.542756,none,-871,8049,-1655,13,-13,45,user1
2025-03-07 11:26:36.547797,none,-845,8028,-1697,18,-9,49,user1
2025-03-07 11:26:36.552839,none,-857,8013,-1745,21,-4,51,user1
2025-03-07 11:26:36.557884,none,-824,8000,-1773,15,-5,56,user1
2025-03-07 11:26:36.562666,none,-811,7933,-1767,6,-6,62,user1
2025-03-07 11:26:36.567280,none,-809,7933,-1763,-3,-9,62,user1
2025-03-07 11:26:36.572346,none,-776,7944,-1819,-14,-8,65,user1
2025-03-07 11:26:36.577442,none,-795,7924,-1814,-38,-5,72,user1
2025-03-07 11:26:36.582466,none,-794,7948,-1770,-51,-4,74,user1
2025-03-07 11:26:36.587491,none,-797,7943,-1787,-62,-1,71,user1
2025-03-07 11:26:36.592510,none,-758,7945,-1771,-82,-1,73,user1
2025-03-07 11:26:36.597543,none,-804,7933,-1779,-90,3,69,user1
2025-03-07 11:26:36.602599,none,-826,7995,-1774,-95,5,65,user1
2025-03-07 11:26:36.607639,none,-859,8043,-1724,-95,5,61,user1
2025-03-07 11:26:36.612667,none,-845,8069,-1655,-80,12,53,user1
2025-03-07 11:26:36.617685,none,-794,8054,-1663,-69,13,55,user1
2025-03-07 11:26:36.622705,none,-812,8037,-1644,-57,10,54,user1
2025-03-07 11:26:36.627911,none,-793,8078,-1625,-48,8,47,user1
2025-03-07 11:26:36.632939,none,-783,8096,-1623,-33,2,38,user1
2025-03-07 11:26:36.637964,none,-772,8075,-1652,-26,-4,33,user1
2025-03-07 11:26:36.642993,none,-785,8051,-1646,-24,-8,29,user1
2025-03-07 11:26:36.648024,none,-772,8017,-1655,-23,-11,26,user1
2025-03-07 11:26:36.653062,none,-811,7969,-1665,-28,-22,23,user1
2025-03-07 11:26:36.657244,none,-818,7986,-1678,-30,-23,30,user1
2025-03-07 11:26:36.662275,none,-797,7987,-1646,-30,-23,38,user1
2025-03-07 11:26:36.666916,none,-836,8035,-1648,-30,-22,44,user1
2025-03-07 11:26:36.671948,none,-834,8015,-1630,-27,-19,59,user1
2025-03-07 11:26:36.676981,none,-825,8027,-1688,-33,-11,70,user1
2025-03-07 11:26:36.682058,none,-776,8020,-1693,-48,-10,78,user1
2025-03-07 11:26:36.687089,none,-778,8019,-1727,-64,-9,80,user1
2025-03-07 11:26:36.692122,none,-759,8008,-1721,-77,-15,81,user1
2025-03-07 11:26:36.697156,none,-716,7920,-1773,-100,-21,92,user1
2025-03-07 11:26:36.701581,none,-723,7916,-1728,-115,-29,96,user1
2025-03-07 11:26:36.706260,none,-710,7930,-1742,-129,-36,102,user1
2025-03-07 11:26:36.711297,none,-737,7995,-1737,-141,-38,101,user1
2025-03-07 11:26:36.716201,none,-707,8011,-1710,-150,-38,97,user1
2025-03-07 11:26:36.721255,none,-713,8063,-1655,-150,-39,88,user1
2025-03-07 11:26:36.726505,none,-712,8060,-1649,-154,-37,79,user1
2025-03-07 11:26:36.731589,none,-740,8136,-1647,-154,-33,73,user1
2025-03-07 11:26:36.736620,down,-706,8513,-1682,-152,-27,42,user1
2025-03-07 11:26:36.741651,down,-692,7577,-1594,-147,-25,33,user1
2025-03-07 11:26:36.746677,down,-794,7742,-1596,-157,-23,53,user1
2025-03-07 11:26:36.751709,down,-859,7631,-1461,-159,-17,79,user1
2025-03-07 11:26:36.756746,down,-713,7921,-1493,-171,-9,124,user1
2025-03-07 11:26:36.761785,down,-636,8085,-1573,-172,-9,130,user1
2025-03-07 11:26:36.766390,down,-652,8152,-1605,-166,-20,126,user1
2025-03-07 11:26:36.771472,down,-687,8132,-1582,-162,-33,118,user1
2025-03-07 11:26:36.776119,down,-743,8132,-1533,-163,-40,107,user1
2025-03-07 11:26:36.781341,down,-715,8106,-1461,-161,-52,88,user1
2025-03-07 11:26:36.786489,down,-735,8162,-1464,-153,-57,77,user1
2025-03-07 11:26:36.791531,down,-714,8178,-1443,-142,-60,66,user1
2025-03-07 11:26:36.796553,down,-697,8287,-1458,-105,-64,45,user1
2025-03-07 11:26:36.800618,down,-708,8292,-1468,-83,-64,29,user1
2025-03-07 11:26:36.805642,down,-715,8241,-1487,-64,-61,15,user1
2025-03-07 11:26:36.810672,down,-710,8182,-1512,-51,-57,3,user1
2025-03-07 11:26:36.815697,down,-723,8190,-1542,-35,-52,-12,user1
2025-03-07 11:26:36.820715,down,-761,8190,-1539,-12,-38,-33,user1
2025-03-07 11:26:36.825610,down,-763,8218,-1562,2,-30,-43,user1
2025-03-07 11:26:36.830635,down,-781,8229,-1587,21,-16,-51,user1
2025-03-07 11:26:36.835654,down,-814,8241,-1582,33,-6,-56,user1
2025-03-07 11:26:36.840570,down,-828,8221,-1580,59,19,-68,user1
2025-03-07 11:26:36.844922,down,-812,8228,-1582,70,29,-73,user1
2025-03-07 11:26:36.849953,down,-805,8198,-1570,83,39,-74,user1
2025-03-07 11:26:36.855007,down,-800,8218,-1545,99,45,-80,user1
2025-03-07 11:26:36.860036,down,-827,8218,-1501,110,49,-83,user1
2025-03-07 11:26:36.865081,down,-814,8186,-1481,135,55,-91,user1
2025-03-07 11:26:36.869988,down,-818,8166,-1511,142,50,-96,user1
2025-03-07 11:26:36.874347,down,-852,8156,-1476,148,44,-101,user1
2025-03-07 11:26:36.879379,down,-830,8182,-1485,161,35,-107,user1
2025-03-07 11:26:36.884404,none,-880,8197,-1457,185,19,-110,user1
2025-03-07 11:26:36.889462,none,-894,8100,-1448,201,10,-108,user1
2025-03-07 11:26:36.893909,none,-906,7922,-1410,211,1,-99,user1
2025-03-07 11:26:36.898316,none,-933,7703,-1387,213,-7,-81,user1
2025-03-07 11:26:36.903369,none,-926,7970,-1418,210,-13,-60,user1
2025-03-07 11:26:36.908406,none,-759,8219,-1614,216,-33,-74,user1
2025-03-07 11:26:36.913438,none,-764,8173,-1785,203,-49,-90,user1
2025-03-07 11:26:36.918261,none,-754,8157,-1889,186,-69,-107,user1
2025-03-07 11:26:36.923450,none,-764,7988,-1867,162,-89,-119,user1
2025-03-07 11:26:36.928540,none,-788,8014,-1788,112,-108,-127,user1
2025-03-07 11:26:36.933573,none,-826,8054,-1722,106,-105,-126,user1
2025-03-07 11:26:36.938406,none,-849,8149,-1656,113,-101,-115,user1
2025-03-07 11:26:36.943440,none,-914,8189,-1629,129,-90,-106,user1
2025-03-07 11:26:36.948569,none,-969,8239,-1636,171,-61,-91,user1
2025-03-07 11:26:36.953599,none,-885,8122,-1727,188,-48,-87,user1
2025-03-07 11:26:36.958630,none,-902,8038,-1717,191,-41,-80,user1
2025-03-07 11:26:36.963664,none,-924,8052,-1754,189,-39,-72,user1
2025-03-07 11:26:36.968696,none,-1172,7999,-1646,176,-37,-58,user1
2025-03-07 11:26:36.972935,none,-1684,8118,-1288,174,-27,-36,user1
2025-03-07 11:26:36.977965,none,-1856,8321,-1146,203,0,1,user1
2025-03-07 11:26:37.008181,none,-605,7733,-1803,179,-123,269,user1
2025-03-07 11:26:37.013211,none,-551,7780,-1832,82,-156,270,user1
2025-03-07 11:26:37.018248,none,-563,7760,-1791,44,-165,266,user1
2025-03-07 11:26:37.022933,none,-560,7765,-1761,14,-176,271,user1
2025-03-07 11:26:37.028038,none,-583,7808,-1812,-9,-184,274,user1
2025-03-07 11:26:37.033078,none,-620,8086,-1813,-31,-212,265,user1
2025-03-07 11:26:37.038111,none,-681,8226,-1785,-29,-214,252,user1
2025-03-07 11:26:37.043146,none,-738,8311,-1808,-19,-216,232,user1
2025-03-07 11:26:37.048209,none,-760,8363,-1769,0,-211,211,user1
2025-03-07 11:26:37.052889,none,-786,8356,-1719,38,-187,170,user1
2025-03-07 11:26:37.057924,none,-763,8309,-1731,60,-169,157,user1
2025-03-07 11:26:37.063023,none,-732,8252,-1842,81,-149,148,user1
2025-03-07 11:26:37.068057,none,-731,8236,-1869,97,-134,144,user1
2025-03-07 11:26:37.072522,none,-671,8176,-1888,121,-99,135,user1
2025-03-07 11:26:37.077569,none,-715,8140,-1899,128,-86,133,user1
2025-03-07 11:26:37.082614,none,-736,8060,-1887,136,-69,134,user1
2025-03-07 11:26:37.087658,none,-742,8021,-1871,139,-50,135,user1
2025-03-07 11:26:37.092704,none,-755,7961,-1917,132,-28,137,user1
2025-03-07 11:26:37.097738,none,-741,7968,-1912,124,-23,139,user1
2025-03-07 11:26:37.102768,none,-732,7893,-1890,117,-18,137,user1
2025-03-07 11:26:37.107800,none,-718,7910,-1899,109,-14,143,user1
2025-03-07 11:26:37.112833,none,-705,7936,-1841,98,-13,150,user1
2025-03-07 11:26:37.117867,none,-672,7935,-1843,93,-13,151,user1
2025-03-07 11:26:37.123135,none,-593,7856,-1870,88,-16,152,user1
2025-03-07 11:26:37.128171,none,-516,7773,-1918,81,-19,154,user1
2025-03-07 11:26:37.133207,none,-502,7689,-1962,33,-35,149,user1
2025-03-07 11:26:37.138245,none,-496,7681,-1976,2,-45,136,user1
2025-03-07 11:26:37.143282,none,-521,7743,-1964,-30,-55,123,user1
2025-03-07 11:26:37.148326,none,-521,7769,-1928,-61,-61,105,user1
2025-03-07 11:26:37.152766,none,-586,7776,-1937,-98,-67,81,user1
2025-03-07 11:26:37.157800,none,-595,7748,-1901,-109,-68,74,user1
2025-03-07 11:26:37.162713,none,-606,7801,-1865,-114,-69,67,user1
2025-03-07 11:26:37.167751,none,-622,7896,-1872,-115,-64,63,user1
2025-03-07 11:26:37.172791,none,-614,8015,-1877,-101,-58,45,user1
2025-03-07 11:26:37.177829,none,-609,8102,-1845,-92,-56,36,user1
2025-03-07 11:26:37.182857,none,-646,8111,-1800,-73,-50,29,user1
2025-03-07 11:26:37.187894,none,-684,8109,-1742,-55,-44,27,user1
2025-03-07 11:26:37.192930,none,-741,8055,-1694,-22,-33,37,user1
2025-03-07 11:26:37.197966,none,-704,7985,-1720,-12,-30,48,user1
2025-03-07 11:26:37.202998,none,-692,7964,-1727,-6,-30,59,user1
2025-03-07 11:26:37.208037,none,-696,7991,-1741,-2,-38,78,user1
2025-03-07 11:26:37.212938,none,-662,8002,-1689,0,-56,114,user1
2025-03-07 11:26:37.217970,none,-660,8004,-1703,-5,-69,137,user1
2025-03-07 11:26:37.223227,none,-642,7987,-1716,-13,-79,152,user1
2025-03-07 11:26:37.228267,none,-609,7981,-1756,-36,-94,165,user1
2025-03-07 11:26:37.233300,none,-503,7925,-1881,-105,-121,190,user1
2025-03-07 11:26:37.238328,none,-461,7960,-1880,-140,-139,206,user1
2025-03-07 11:26:37.243358,none,-463,8039,-1804,-166,-150,227,user1
2025-03-07 11:26:37.248567,none,-629,8324,-1613,-184,-156,262,user1
2025-03-07 11:26:37.253596,none,-726,8634,-1508,-166,-149,279,user1
2025-03-07 11:26:37.258626,right,-798,8966,-1432,-120,-139,290,user1
2025-03-07 11:26:37.263656,right,-446,7896,-1616,-58,-128,322,user1
2025-03-07 11:26:37.268256,right,-365,7905,-1877,-64,-134,359,user1
2025-03-07 11:26:37.273293,right,-242,7994,-1826,-111,-155,371,user1
2025-03-07 11:26:37.278411,right,-204,8035,-1889,-157,-165,359,user1
2025-03-07 11:26:37.283459,right,-235,8095,-1894,-194,-170,343,user1
2025-03-07 11:26:37.288598,right,-358,8107,-1776,-231,-170,315,user1
2025-03-07 11:26:37.293359,right,-390,8152,-1699,-235,-168,303,user1
2025-03-07 11:26:37.298385,right,-443,8203,-1646,-238,-161,286,user1
2025-03-07 11:26:37.303430,right,-447,8276,-1663,-229,-151,260,user1
2025-03-07 11:26:37.308496,right,-393,8365,-1641,-189,-139,215,user1
2025-03-07 11:26:37.313544,right,-405,8312,-1644,-163,-134,192,user1
2025-03-07 11:26:37.318591,right,-398,8252,-1644,-138,-127,168,user1
2025-03-07 11:26:37.322955,right,-397,8204,-1619,-114,-124,146,user1
2025-03-07 11:26:37.327993,right,-424,8181,-1647,-96,-119,121,user1
2025-03-07 11:26:37.333025,right,-469,8091,-1692,-69,-106,83,user1
2025-03-07 11:26:37.337143,right,-461,8067,-1691,-56,-98,64,user1
2025-03-07 11:26:37.342179,right,-479,8090,-1671,-46,-87,51,user1
2025-03-07 11:26:37.347209,right,-504,8155,-1676,-35,-73,35,user1
2025-03-07 11:26:37.352228,right,-532,8140,-1690,-18,-52,25,user1
2025-03-07 11:26:37.357242,right,-513,8130,-1726,14,-13,18,user1
2025-03-07 11:26:37.362253,right,-495,8136,-1765,28,8,12,user1
2025-03-07 11:26:37.367264,right,-485,8154,-1784,41,24,8,user1
2025-03-07 11:26:37.372312,right,-482,8117,-1781,62,51,5,user1
2025-03-07 11:26:37.377324,right,-468,8074,-1805,79,63,5,user1
2025-03-07 11:26:37.382332,right,-470,8057,-1782,85,72,5,user1
2025-03-07 11:26:37.387341,right,-486,8084,-1793,96,82,0,user1
2025-03-07 11:26:37.392351,right,-456,8083,-1822,108,88,-15,user1
2025-03-07 11:26:37.397362,right,-457,8086,-1804,115,93,-21,user1
2025-03-07 11:26:37.402378,right,-445,8070,-1816,120,92,-33,user1
2025-03-07 11:26:37.407402,right,-450,8082,-1783,123,93,-42,user1
2025-03-07 11:26:37.412438,none,-497,8085,-1748,148,97,-63,user1
2025-03-07 11:26:37.417454,none,-461,8036,-1776,157,100,-72,user1
2025-03-07 11:26:37.422579,none,-438,7901,-1784,156,101,-80,user1
2025-03-07 11:26:37.427603,none,-394,7772,-1817,146,97,-87,user1
2025-03-07 11:26:37.432618,none,-215,7503,-1957,79,80,-106,user1
2025-03-07 11:26:37.437633,none,-643,8545,-1619,42,64,-133,user1
2025-03-07 11:26:37.442656,none,-848,8672,-1410,79,72,-159,user1
2025-03-07 11:26:37.447679,none,-692,8179,-1555,117,83,-165,user1
2025-03-07 11:26:37.452694,none,-536,8202,-1658,181,81,-139,user1
2025-03-07 11:26:37.457710,none,-503,8150,-1639,218,80,-118,user1
2025-03-07 11:26:37.462733,none,-462,8204,-1665,241,78,-97,user1
2025-03-07 11:26:37.467755,none,-516,8168,-1681,252,73,-96,user1
2025-03-07 11:26:37.472781,none,-518,7971,-1730,232,68,-88,user1
2025-03-07 11:26:37.477801,none,-447,7891,-1811,215,61,-82,user1
2025-03-07 11:26:37.482826,none,-443,7858,-1825,189,51,-74,user1
2025-03-07 11:26:37.487849,none,-446,7827,-1828,164,45,-61,user1
2025-03-07 11:26:37.492871,none,-404,7932,-1869,117,39,-40,user1
2025-03-07 11:26:37.497893,none,-435,7997,-1890,97,36,-29,user1
2025-03-07 11:26:37.502919,none,-427,7997,-1859,80,38,-21,user1
2025-03-07 11:26:38.625408,none,-883,8330,-1297,4,-6,-115,user1
2025-03-07 11:26:38.630448,none,-869,8319,-1318,13,0,-115,user1
2025-03-07 11:26:38.635480,none,-881,8340,-1318,21,4,-112,user1
2025-03-07 11:26:38.640624,none,-903,8336,-1287,43,15,-104,user1
2025-03-07 11:26:38.645659,none,-866,8261,-1311,50,14,-89,user1
2025-03-07 11:26:38.650691,none,-831,8356,-1273,63,13,-69,user1
2025-03-07 11:26:38.655719,none,-874,8444,-1248,85,9,-49,user1
2025-03-07 11:26:38.660754,none,-790,8509,-1194,133,0,-1,user1
2025-03-07 11:26:38.665797,none,-694,8476,-1232,154,-2,12,user1
2025-03-07 11:26:38.670832,none,-647,8450,-1197,173,-8,18,user1
2025-03-07 11:26:38.675893,none,-523,8354,-1225,184,-13,18,user1
2025-03-07 11:26:38.680925,none,-374,8217,-1208,201,-24,0,user1
2025-03-07 11:26:38.685970,none,-328,8165,-1211,210,-32,-11,user1
2025-03-07 11:26:38.691006,none,-328,8172,-1200,217,-36,-14,user1
2025-03-07 11:26:38.696022,none,-320,8162,-1203,221,-38,-12,user1
2025-03-07 11:26:38.701034,none,-336,8195,-1182,220,-50,0,user1
2025-03-07 11:26:38.706045,none,-388,8242,-1151,211,-57,7,user1
2025-03-07 11:26:38.711054,none,-405,8298,-1124,203,-62,18,user1
2025-03-07 11:26:38.716161,none,-437,8368,-1107,202,-67,17,user1
2025-03-07 11:26:38.721171,none,-548,8475,-1155,202,-69,7,user1
2025-03-07 11:26:38.726179,none,-540,8488,-1094,223,-69,14,user1
2025-03-07 11:26:38.731187,none,-566,8666,-1003,285,-72,42,user1
2025-03-07 11:26:38.736203,none,-566,8961,-868,362,-68,73,user1
2025-03-07 11:26:38.741224,none,-470,8585,-992,508,-51,123,user1
2025-03-07 11:26:38.746240,none,-414,8355,-1150,570,-51,150,user1
2025-03-07 11:26:38.751262,none,-441,8243,-1084,608,-53,173,user1
2025-03-07 11:26:38.756313,none,-285,8350,-1150,627,-49,191,user1
2025-03-07 11:26:38.761329,none,-226,8324,-1153,621,-51,186,user1
2025-03-07 11:26:38.766351,none,-276,8192,-1192,617,-58,176,user1
2025-03-07 11:26:38.771419,none,-309,8056,-1252,608,-61,172,user1
2025-03-07 11:26:38.776427,none,-392,7790,-1416,575,-81,175,user1
2025-03-07 11:26:38.781448,none,-420,7729,-1498,538,-94,185,user1
2025-03-07 11:26:38.786466,none,-369,7680,-1483,497,-93,196,user1
2025-03-07 11:26:38.791485,none,-310,7783,-1609,459,-103,223,user1
2025-03-07 11:26:38.796507,none,-685,8159,-1643,491,-105,203,user1
2025-03-07 11:26:38.801533,none,-561,7666,-1644,496,-107,186,user1
2025-03-07 11:26:38.806558,none,-383,7694,-1913,466,-109,187,user1
2025-03-07 11:26:38.811583,none,-586,7627,-1878,448,-111,184,user1
2025-03-07 11:26:38.816700,none,-556,7347,-2018,409,-111,166,user1
2025-03-07 11:26:38.821718,none,-712,7268,-1881,360,-115,154,user1
2025-03-07 11:26:38.826741,none,-804,7409,-1813,318,-108,149,user1
2025-03-07 11:26:38.831765,none,-793,7768,-1886,307,-105,134,user1
2025-03-07 11:26:38.836782,none,-816,7977,-1919,293,-100,68,user1
2025-03-07 11:26:38.841807,none,-593,7842,-2023,278,-94,45,user1
2025-03-07 11:26:38.846829,none,-166,7507,-2068,243,-89,37,user1
2025-03-07 11:26:38.851848,none,-234,7169,-2096,166,-73,38,user1
2025-03-07 11:26:38.856861,none,-166,7459,-2234,22,-98,52,user1
2025-03-07 11:26:38.861900,none,-147,7791,-2093,-6,-118,75,user1
2025-03-07 11:26:38.866867,none,-91,8009,-2061,-9,-130,100,user1
2025-03-07 11:26:38.871911,none,-57,8314,-1890,6,-145,119,user1
2025-03-07 11:26:38.876941,square,-696,7558,-2080,52,-167,78,user1
2025-03-07 11:26:38.881966,square,-783,7875,-1999,18,-165,61,user1
2025-03-07 11:26:38.886607,square,-940,7886,-1999,-2,-168,43,user1
2025-03-07 11:26:38.891642,square,-1007,7986,-2067,-22,-168,29,user1
2025-03-07 11:26:38.896679,square,-780,7937,-2114,-45,-179,-9,user1
2025-03-07 11:26:38.901616,square,-859,7999,-2122,-61,-195,-25,user1
2025-03-07 11:26:38.906306,square,-936,8118,-2159,-49,-196,-42,user1
2025-03-07 11:26:38.911358,square,-843,7813,-2145,-61,-197,-38,user1
2025-03-07 11:26:38.916572,square,-769,8040,-2077,-90,-203,-34,user1
2025-03-07 11:26:38.921595,square,-771,8187,-2083,-131,-201,-3,user1
2025-03-07 11:26:38.926622,square,-796,8398,-2039,-172,-203,32,user1
2025-03-07 11:26:38.931648,square,-847,8816,-2089,-165,-200,63,user1
2025-03-07 11:26:38.936669,square,-661,8750,-2220,-67,-192,159,user1
2025-03-07 11:26:38.941687,square,-725,8971,-2151,-18,-196,218,user1
2025-03-07 11:26:38.946716,square,-800,9276,-2097,33,-197,250,user1
2025-03-07 11:26:38.951771,square,-740,9050,-2048,109,-193,269,user1
2025-03-07 11:26:38.956024,square,-648,8686,-1938,149,-195,271,user1
2025-03-07 11:26:38.961057,square,-570,8025,-1894,79,-204,239,user1
2025-03-07 11:26:38.966082,square,-622,8128,-1835,3,-216,195,user1
2025-03-07 11:26:38.970315,square,-627,8249,-1795,-33,-217,145,user1
2025-03-07 11:26:38.975338,square,-507,8084,-1777,-63,-211,92,user1
2025-03-07 11:26:38.980386,square,-491,8245,-1752,-77,-213,23,user1
2025-03-07 11:26:38.985411,square,-383,8004,-1679,-60,-219,-3,user1
2025-03-07 11:26:38.990434,square,-375,7744,-1665,-75,-232,-18,user1
2025-03-07 11:26:38.995461,square,-503,7786,-1648,-115,-242,-30,user1
2025-03-07 11:26:39.000497,square,-496,7841,-1601,-155,-222,-82,user1
2025-03-07 11:26:39.005305,square,-408,7774,-1622,-172,-206,-82,user1
2025-03-07 11:26:39.010339,square,-445,8123,-1689,-174,-185,-72,user1
2025-03-07 11:26:39.015634,square,-405,8221,-1753,-115,-170,-62,user1
2025-03-07 11:26:39.020739,none,-322,7876,-1684,-84,-173,-5,user1
2025-03-07 11:26:39.025783,none,-654,7704,-1777,-98,-166,1,user1
2025-03-07 11:26:39.030817,none,-494,7763,-1729,-147,-133,-12,user1
2025-03-07 11:26:39.034964,none,-28,9146,-1201,-114,-124,26,user1
2025-03-07 11:26:39.040087,none,-228,8563,-1301,-23,-138,59,user1
2025-03-07 11:26:39.045131,none,-349,8157,-1599,10,-112,82,user1
2025-03-07 11:26:39.050172,none,-248,8316,-1742,22,-90,73,user1
2025-03-07 11:26:39.054226,none,-176,8298,-1748,57,-75,56,user1
2025-03-07 11:26:39.058979,none,-138,7980,-1631,40,-74,53,user1
2025-03-07 11:26:39.064019,none,-399,8176,-1581,-1,-78,35,user1
2025-03-07 11:26:39.068138,none,-491,8048,-1529,-12,-69,8,user1
2025-03-07 11:26:39.073166,none,-494,7962,-1385,-46,-26,-2,user1
2025-03-07 11:26:39.078196,none,-449,8045,-1386,-50,-15,-1,user1
2025-03-07 11:26:39.083238,none,-313,8036,-1479,-45,-9,3,user1
2025-03-07 11:26:39.088137,none,-237,8063,-1660,-43,-6,6,user1
2025-03-07 11:26:39.093193,none,-226,8159,-1900,-69,4,3,user1
2025-03-07 11:26:39.098231,none,-225,8171,-1767,-84,9,-5,user1
2025-03-07 11:26:39.103267,none,-302,8161,-1667,-95,13,-13,user1
2025-03-07 11:26:39.108309,none,-383,8132,-1619,-97,23,-18,user1
2025-03-07 11:26:39.113724,none,-320,8090,-1629,-90,43,-18,user1
2025-03-07 11:26:39.118755,none,-276,8048,-1707,-84,46,-23,user1
2025-03-07 11:26:39.193640,none,-579,8100,-1633,-31,44,0,user1
2025-03-07 11:26:39.198671,none,-625,8063,-1647,-25,43,3,user1
2025-03-07 11:26:39.203698,none,-607,8054,-1674,-18,45,2,user1
2025-03-07 11:26:39.208746,none,-648,8086,-1748,-6,49,7,user1
2025-03-07 11:26:39.214008,none,-591,8131,-1753,6,48,14,user1
2025-03-07 11:26:39.219046,none,-576,8150,-1722,17,46,19,user1
2025-03-07 11:26:39.224076,none,-561,8141,-1719,25,39,20,user1
2025-03-07 11:26:39.229112,none,-504,8046,-1693,32,33,29,user1
2025-03-07 11:26:39.234142,none,-496,8056,-1705,31,32,27,user1
2025-03-07 11:26:39.239174,none,-461,8085,-1661,26,30,28,user1
2025-03-07 11:26:39.244215,none,-441,8111,-1642,26,27,26,user1
2025-03-07 11:26:39.249257,none,-482,8084,-1620,17,20,13,user1
2025-03-07 11:26:39.254289,none,-487,8098,-1617,9,18,5,user1
2025-03-07 11:26:39.259327,none,-465,8134,-1630,2,15,6,user1
2025-03-07 11:26:39.264551,none,-473,8160,-1642,1,13,-12,user1
2025-03-07 11:26:39.269669,none,-439,8099,-1633,-2,12,-15,user1
2025-03-07 11:26:39.274711,none,-454,8098,-1643,-6,10,-16,user1
2025-03-07 11:26:39.279767,none,-447,8043,-1667,-7,11,-20,user1
2025-03-07 11:26:39.284843,none,-416,8061,-1690,-16,10,-18,user1
2025-03-07 11:26:39.289942,none,-403,8048,-1716,-21,13,-18,user1
2025-03-07 11:26:39.294997,none,-399,8033,-1724,-23,12,-13,user1
2025-03-07 11:26:39.300043,none,-373,8041,-1695,-24,13,-11,user1
2025-03-07 11:26:39.304603,none,-355,8051,-1710,-30,12,-5,user1
2025-03-07 11:26:39.309641,none,-394,7970,-1698,-39,15,0,user1
2025-03-07 11:26:39.314314,none,-375,7964,-1702,-50,12,0,user1
2025-03-07 11:26:39.318818,none,-370,7932,-1681,-57,13,-2,user1
2025-03-07 11:26:39.323849,none,-367,7965,-1670,-59,13,-1,user1
2025-03-07 11:26:39.328881,none,-466,8061,-1580,-63,17,-6,user1
2025-03-07 11:26:39.333908,none,-511,8148,-1538,-52,22,-3,user1
2025-03-07 11:26:39.338945,none,-484,8244,-1539,-37,28,-1,user1
2025-03-07 11:26:39.343989,none,-449,8195,-1559,-23,32,0,user1
2025-03-07 11:26:39.349030,none,-337,8313,-1485,-6,35,5,user1
2025-03-07 11:26:39.353251,none,-349,8277,-1525,9,34,2,user1
2025-03-07 11:26:39.357288,none,-402,8272,-1569,18,37,1,user1
2025-03-07 11:26:39.362327,none,-424,8213,-1558,25,43,-1,user1
2025-03-07 11:26:39.367367,none,-421,8248,-1537,32,43,-7,user1
2025-03-07 11:26:39.372418,none,-433,8213,-1543,43,46,-12,user1
2025-03-07 11:26:39.377465,none,-527,8161,-1642,51,60,-28,user1
2025-03-07 11:26:39.381612,none,-551,8123,-1675,55,67,-32,user1
2025-03-07 11:26:39.386650,none,-574,8171,-1677,57,73,-39,user1
2025-03-07 11:26:39.391683,none,-576,8193,-1704,69,76,-44,user1
2025-03-07 11:26:39.396720,none,-602,8212,-1615,83,79,-46,user1
2025-03-07 11:26:39.401752,none,-575,8224,-1594,95,89,-48,user1
2025-03-07 11:26:39.406783,none,-525,8220,-1589,105,94,-49,user1
2025-03-07 11:26:39.412045,none,-438,8186,-1614,115,99,-49,user1
2025-03-07 11:26:39.417086,none,-412,8103,-1674,119,105,-55,user1
2025-03-07 11:26:39.422122,none,-364,8064,-1701,109,114,-58,user1
2025-03-07 11:26:39.427161,none,-354,8030,-1703,103,117,-63,user1
2025-03-07 11:26:39.432199,none,-360,8079,-1698,96,126,-67,user1
2025-03-07 11:26:39.437233,none,-257,8094,-1609,74,128,-75,user1
2025-03-07 11:26:39.442262,square,-222,8515,-1494,82,122,-69,user1
2025-03-07 11:26:39.447301,square,-568,7268,-1775,92,121,-82,user1
2025-03-07 11:26:39.452331,square,-423,7837,-1819,17,139,-97,user1
2025-03-07 11:26:39.457371,square,-493,8092,-1829,-27,126,-87,user1
2025-03-07 11:26:39.462401,square,-491,8204,-1840,-31,116,-79,user1
2025-03-07 11:26:39.467433,square,-511,8152,-1792,-26,105,-72,user1
2025-03-07 11:26:39.472562,square,-587,8113,-1626,-15,93,-58,user1
2025-03-07 11:26:39.477594,square,-575,8109,-1639,-11,86,-56,user1
2025-03-07 11:26:39.482631,square,-482,8132,-1632,-3,81,-50,user1
2025-03-07 11:26:39.487664,square,-493,8143,-1603,3,69,-49,user1
2025-03-07 11:26:39.492709,square,-514,8136,-1618,24,46,-35,user1
2025-03-07 11:26:39.497755,square,-498,8143,-1645,32,34,-32,user1
2025-03-07 11:26:39.502197,square,-506,8126,-1675,38,20,-34,user1
2025-03-07 11:26:39.506511,square,-510,8068,-1728,44,7,-34,user1
2025-03-07 11:26:39.511673,square,-562,8087,-1706,43,-6,-37,user1
2025-03-07 11:26:39.516755,square,-541,8124,-1733,48,-33,-39,user1
2025-03-07 11:26:39.521818,square,-550,8180,-1712,55,-43,-41,user1
2025-03-07 11:26:39.526890,square,-567,8199,-1729,60,-53,-40,user1
2025-03-07 11:26:39.531946,square,-464,8353,-1706,73,-65,-39,user1
2025-03-07 11:26:39.537000,square,-585,8176,-1659,118,-90,-33,user1
2025-03-07 11:26:39.542042,square,-568,8081,-1698,126,-93,-37,user1
2025-03-07 11:26:39.547068,square,-510,7977,-1721,129,-97,-42,user1
2025-03-07 11:26:39.552093,square,-513,7984,-1701,130,-99,-51,user1
2025-03-07 11:26:39.557118,none,-510,7932,-1766,117,-101,-66,user1
2025-03-07 11:26:39.562170,none,-545,7895,-1786,106,-103,-72,user1
2025-03-07 11:26:39.567236,none,-599,7836,-1798,90,-98,-81,user1
2025-03-07 11:26:39.572292,none,-587,7764,-1852,66,-90,-91,user1
2025-03-07 11:26:39.577330,none,-537,6910,-2163,-48,-71,-126,user1
2025-03-07 11:26:39.581740,none,-272,8498,-1862,-119,-70,-126,user1
2025-03-07 11:26:39.586638,none,-306,8424,-1772,-82,-91,-106,user1
2025-03-07 11:26:39.591669,none,-509,8008,-1839,-74,-97,-95,user1
2025-03-07 11:26:39.596698,none,-506,8176,-1792,-100,-82,-93,user1
2025-03-07 11:26:39.600754,none,-494,8202,-1771,-94,-76,-98,user1
2025-03-07 11:26:39.605449,none,-488,8184,-1867,-88,-74,-109,user1
2025-03-07 11:26:39.610715,none,-504,8240,-1874,-83,-81,-116,user1
2025-03-07 11:26:39.615753,none,-722,8312,-1781,-71,-91,-107,user1
2025-03-07 11:26:39.620787,none,-862,8302,-1967,-48,-83,-99,user1
2025-03-07 11:26:39.625821,none,-784,8280,-2004,-51,-77,-95,user1
2025-03-07 11:26:39.630850,none,-709,8214,-2041,-63,-75,-96,user1
2025-03-07 11:26:39.635879,none,-682,8197,-2025,-80,-74,-96,user1
2025-03-07 11:26:39.640912,none,-652,8194,-1920,-108,-77,-91,user1
2025-03-07 11:26:39.645941,none,-662,8165,-1829,-120,-74,-87,user1
2025-03-07 11:26:39.650971,none,-644,8184,-1774,-125,-71,-81,user1
2025-03-07 11:26:39.655851,none,-648,8224,-1751,-130,-68,-76,user1
2025-03-07 11:26:39.660884,none,-629,8258,-1702,-127,-59,-56,user1
2025-03-07 11:26:39.665922,none,-604,8225,-1672,-121,-56,-46,user1
2025-03-07 11:26:39.670956,none,-535,8157,-1678,-115,-49,-38,user1
2025-03-07 11:26:39.675985,none,-524,8095,-1661,-113,-51,-27,user1
2025-03-07 11:26:39.681015,none,-565,8123,-1636,-109,-40,-10,user1
2025-03-07 11:26:39.686041,none,-573,8150,-1620,-111,-30,-3,user1
2025-03-07 11:26:39.596698,none,-506,8176,-1792,-100,-82,-93,user1
2025-03-07 11:26:39.600754,none,-494,8202,-1771,-94,-76,-98,user1
2025-03-07 11:26:39.605449,none,-488,8184,-1867,-88,-74,-109,user1
2025-03-07 11:26:39.610715,none,-504,8240,-1874,-83,-81,-116,user1
2025-03-07 11:26:39.615753,none,-722,8312,-1781,-71,-91,-107,user1
2025-03-07 11:26:39.620787,none,-862,8302,-1967,-48,-83,-99,user1
2025-03-07 11:26:39.625821,none,-784,8280,-2004,-51,-77,-95,user1
2025-03-07 11:26:39.630850,none,-709,8214,-2041,-63,-75,-96,user1
2025-03-07 11:26:39.635879,none,-682,8197,-2025,-80,-74,-96,user1
2025-03-07 11:26:39.640912,none,-652,8194,-1920,-108,-77,-91,user1
2025-03-07 11:26:39.645941,none,-662,8165,-1829,-120,-74,-87,user1
2025-03-07 11:26:39.650971,none,-644,8184,-1774,-125,-71,-81,user1
2025-03-07 11:26:39.655851,none,-648,8224,-1751,-130,-68,-76,user1
2025-03-07 11:26:39.660884,none,-629,8258,-1702,-127,-59,-56,user1
2025-03-07 11:26:39.665922,none,-604,8225,-1672,-121,-56,-46,user1
2025-03-07 11:26:39.670956,none,-535,8157,-1678,-115,-49,-38,user1
2025-03-07 11:26:39.675985,none,-524,8095,-1661,-113,-51,-27,user1
2025-03-07 11:26:39.681015,none,-565,8123,-1636,-109,-40,-10,user1
2025-03-07 11:26:39.686041,none,-573,8150,-1620,-111,-30,-3,user1
2025-03-07 11:26:39.691069,none,-562,8176,-1565,-112,-18,1,user1
2025-03-07 11:26:39.696097,none,-586,8195,-1549,-112,-8,11,user1
2025-03-07 11:26:39.701134,none,-550,8301,-1571,-90,8,30,user1
2025-03-07 11:26:39.706169,none,-513,8336,-1597,-68,16,37,user1
2025-03-07 11:26:39.711417,none,-498,8410,-1614,-45,23,45,user1
2025-03-07 11:26:39.716126,none,-466,8459,-1650,-6,32,54,user1
2025-03-07 11:26:39.721203,none,-351,8455,-1634,62,36,78,user1
2025-03-07 11:26:39.726240,none,-318,8421,-1590,89,36,88,user1
2025-03-07 11:26:39.730417,none,-322,8350,-1592,125,33,97,user1
2025-03-07 11:26:39.735456,none,-321,8245,-1565,152,30,101,user1
2025-03-07 11:26:39.740568,none,-435,8051,-1574,181,29,101,user1
2025-03-07 11:26:39.745598,none,-506,7970,-1568,186,35,101,user1
2025-03-07 11:26:39.750636,none,-580,7829,-1554,181,38,103,user1
2025-03-07 11:26:39.755672,none,-608,7764,-1474,161,44,108,user1
2025-03-07 11:26:39.760709,none,-678,7865,-1416,141,57,109,user1
2025-03-07 11:26:39.765822,none,-662,7909,-1395,144,63,106,user1
2025-03-07 11:26:39.770860,none,-626,8000,-1406,152,73,98,user1
2025-03-07 11:26:39.775889,none,-608,8197,-1367,173,76,90,user1
2025-03-07 11:26:39.780096,none,-584,8218,-1361,202,77,77,user1
2025-03-07 11:26:39.784730,none,-495,8246,-1522,255,73,63,user1
2025-03-07 11:26:39.789765,none,-455,8017,-1660,275,63,59,user1
2025-03-07 11:26:39.794642,none,-374,7890,-1879,283,47,61,user1
2025-03-07 11:26:39.799688,none,-500,7726,-1856,282,27,61,user1
2025-03-07 11:26:39.804737,none,-564,7584,-1741,263,15,66,user1
2025-03-07 11:26:39.810001,none,-613,7616,-1767,249,10,67,user1
2025-03-07 11:26:39.815044,none,-701,7538,-1708,225,12,67,user1
2025-03-07 11:26:39.819962,none,-570,7564,-1713,199,13,60,user1
2025-03-07 11:26:39.824995,none,-195,7861,-2405,144,-10,37,user1
2025-03-07 11:26:39.830025,none,81,7823,-2555,131,-56,25,user1
2025-03-07 11:26:39.835065,none,-80,7653,-2163,102,-90,17,user1
2025-03-07 11:26:39.839657,none,-159,7683,-2379,62,-109,11,user1
2025-03-07 11:26:39.844693,cross,31,7628,-3538,44,-193,59,user1
2025-03-07 11:26:39.849729,cross,192,6863,-3586,6,-270,42,user1
2025-03-07 11:26:39.854766,cross,609,7322,-3420,-57,-332,34,user1
2025-03-07 11:26:39.859800,cross,508,7391,-3188,-104,-405,12,user1
2025-03-07 11:26:39.864834,cross,-208,7420,-2490,-204,-483,-15,user1
2025-03-07 11:26:39.869869,cross,-464,7708,-2290,-249,-490,-19,user1
2025-03-07 11:26:39.874915,cross,-610,7958,-2098,-278,-489,-27,user1
2025-03-07 11:26:39.879946,cross,-737,8108,-1813,-286,-481,-35,user1
2025-03-07 11:26:39.884955,cross,-885,8416,-1225,-251,-438,-56,user1
2025-03-07 11:26:39.889995,cross,-920,8531,-1097,-222,-411,-62,user1
2025-03-07 11:26:39.895066,cross,-1022,8585,-841,-188,-377,-70,user1
2025-03-07 11:26:39.900105,cross,-1106,8576,-636,-160,-328,-78,user1
2025-03-07 11:26:39.905131,cross,-1082,8587,-642,-106,-224,-97,user1
2025-03-07 11:26:39.910256,cross,-1126,8654,-604,-73,-174,-107,user1
2025-03-07 11:26:39.915282,cross,-1233,8630,-612,-34,-131,-108,user1
2025-03-07 11:26:39.920300,cross,-1162,8507,-669,9,-88,-102,user1
2025-03-07 11:26:39.924754,cross,-1196,8394,-859,70,-36,-82,user1
2025-03-07 11:26:39.929793,cross,-1258,8271,-972,100,-13,-69,user1
2025-03-07 11:26:39.934835,cross,-1229,8193,-1107,125,10,-54,user1
2025-03-07 11:26:39.939872,cross,-1140,8146,-1273,142,24,-39,user1
2025-03-07 11:26:39.944901,cross,-964,8053,-1459,165,40,-11,user1
2025-03-07 11:26:39.949923,cross,-914,8014,-1549,169,40,2,user1
2025-03-07 11:26:39.954455,cross,-837,7958,-1668,172,37,22,user1
2025-03-07 11:26:39.959488,cross,-799,7945,-1744,175,32,39,user1
2025-03-07 11:26:39.964552,cross,-874,7841,-1695,175,26,77,user1
2025-03-07 11:26:39.969580,cross,-931,7914,-1683,177,25,101,user1
2025-03-07 11:26:39.974611,cross,-927,7978,-1615,181,28,118,user1
2025-03-07 11:26:39.979642,cross,-880,8049,-1525,189,31,136,user1
2025-03-07 11:26:39.984677,cross,-856,8082,-1483,216,48,150,user1
2025-03-07 11:26:39.989657,cross,-814,8117,-1538,226,59,149,user1
2025-03-07 11:26:39.994698,cross,-780,8094,-1592,230,64,145,user1
2025-03-07 11:26:39.999734,cross,-715,8099,-1649,231,72,140,user1
2025-03-07 11:26:40.004773,none,-554,8078,-1743,237,69,111,user1
2025-03-07 11:26:40.010023,none,-461,7936,-1752,229,68,90,user1
2025-03-07 11:26:40.015130,none,-508,7369,-1925,200,61,52,user1
2025-03-07 11:26:40.019168,none,-717,7176,-2160,109,78,-7,user1
2025-03-07 11:26:40.024301,none,-520,7875,-2053,28,83,-17,user1
2025-03-07 11:26:40.029366,none,-454,8364,-1788,-27,57,-57,user1
2025-03-07 11:26:40.034297,none,-511,8277,-1778,-4,49,-76,user1
2025-03-07 11:26:40.039359,none,-549,8065,-1778,36,41,-92,user1
2025-03-07 11:26:40.044473,none,-686,7844,-1770,73,35,-103,user1
2025-03-07 11:26:40.049508,none,-737,7894,-1833,79,47,-97,user1
2025-03-07 11:26:40.054547,none,-632,8020,-1804,67,51,-93,user1
2025-03-07 11:26:40.059627,none,-538,8156,-1727,63,50,-95,user1
2025-03-07 11:26:40.064675,none,-505,8153,-1770,74,46,-98,user1
2025-03-07 11:26:40.069716,none,-499,8104,-1808,79,38,-101,user1
2025-03-07 11:26:40.074754,none,-619,7981,-1849,77,31,-104,user1
2025-03-07 11:26:40.079807,none,-696,7814,-1925,66,35,-102,user1
2025-03-07 11:26:40.084854,none,-668,7617,-2067,16,42,-93,user1
2025-03-07 11:26:40.089900,none,-649,7792,-2022,-5,48,-93,user1
2025-03-07 11:26:40.134698,none,-741,7904,-1911,20,33,-37,user1
2025-03-07 11:26:40.139731,none,-728,7951,-1853,23,33,-30,user1
2025-03-07 11:26:40.144768,none,-726,7961,-1856,26,38,-22,user1
2025-03-07 11:26:40.149802,none,-712,7981,-1827,31,41,-16,user1
2025-03-07 11:26:40.153977,none,-703,7972,-1863,38,42,-10,user1
2025-03-07 11:26:40.158598,none,-713,7958,-1854,45,40,-7,user1
2025-03-07 11:26:40.163643,none,-717,8027,-1902,56,41,0,user1
2025-03-07 11:26:40.168686,none,-691,8033,-1891,74,35,2,user1
2025-03-07 11:26:40.173720,none,-690,8045,-1928,77,33,3,user1
2025-03-07 11:26:40.178752,none,-684,8048,-1917,76,33,3,user1
2025-03-07 11:26:40.183782,none,-671,8053,-1940,75,29,3,user1
2025-03-07 11:26:40.188815,none,-703,8026,-1899,60,26,-16,user1
2025-03-07 11:26:40.193304,none,-681,7992,-1899,52,24,-26,user1
2025-03-07 11:26:40.198346,none,-660,7965,-1924,40,21,-31,user1
2025-03-07 11:26:40.203376,none,-677,7944,-1901,32,20,-29,user1
2025-03-07 11:26:40.208635,none,-667,7975,-1876,22,15,-27,user1
2025-03-07 11:26:40.213666,none,-669,7953,-1872,22,15,-28,user1
2025-03-07 11:26:40.218695,none,-669,7969,-1862,22,9,-24,user1
2025-03-07 11:26:40.223730,none,-683,8011,-1843,24,9,-21,user1
2025-03-07 11:26:40.228760,none,-691,8037,-1872,21,12,-17,user1
2025-03-07 11:26:40.233797,none,-660,8012,-1876,24,14,-12,user1
2025-03-07 11:26:40.238827,none,-629,8010,-1873,21,16,-12,user1
2025-03-07 11:26:40.243855,none,-628,8065,-1851,28,16,-6,user1
2025-03-07 11:26:40.248885,none,-586,8125,-1866,53,14,-1,user1
2025-03-07 11:26:40.253915,none,-622,8108,-1843,64,16,1,user1
2025-03-07 11:26:40.258950,none,-670,8135,-1764,81,16,2,user1
2025-03-07 11:26:40.264078,none,-686,8168,-1685,98,21,9,user1
2025-03-07 11:26:40.268171,none,-651,8115,-1627,121,27,13,user1
2025-03-07 11:26:40.273017,none,-615,7956,-1865,153,32,22,user1
2025-03-07 11:26:40.278068,none,-619,7873,-2014,148,31,27,user1
2025-03-07 11:26:40.283115,none,-651,7800,-2163,133,26,26,user1
2025-03-07 11:26:40.288110,none,-751,7756,-2245,106,24,22,user1
2025-03-07 11:26:40.293157,none,-740,7815,-2257,39,20,7,user1
2025-03-07 11:26:40.298192,none,-654,7823,-2236,9,19,-5,user1
2025-03-07 11:26:40.303232,none,-637,7820,-2189,-19,14,-14,user1
2025-03-07 11:26:40.308685,none,-716,7873,-2083,-68,1,-42,user1
2025-03-07 11:26:40.313728,none,-733,7968,-2039,-82,-2,-47,user1
2025-03-07 11:26:40.318303,none,-717,7998,-2028,-91,-8,-52,user1
2025-03-07 11:26:40.323483,none,-735,8021,-2006,-98,-12,-58,user1
2025-03-07 11:26:40.328519,none,-751,7936,-2005,-116,-11,-67,user1
2025-03-07 11:26:40.333550,none,-781,7968,-2013,-133,-11,-74,user1
2025-03-07 11:26:40.338581,none,-815,8003,-1943,-144,-11,-77,user1
2025-03-07 11:26:40.343613,none,-803,8049,-1916,-143,-16,-72,user1
2025-03-07 11:26:40.348639,none,-791,8071,-1849,-121,-27,-57,user1
2025-03-07 11:26:40.353664,none,-830,8138,-1829,-107,-30,-46,user1
2025-03-07 11:26:40.358686,none,-822,8153,-1814,-90,-35,-29,user1
2025-03-07 11:26:40.363717,none,-837,8124,-1833,-73,-34,-18,user1
2025-03-07 11:26:40.368597,none,-823,8187,-1784,-19,-34,16,user1
2025-03-07 11:26:40.373632,none,-816,8209,-1790,5,-36,33,user1
2025-03-07 11:26:40.377990,none,-789,8493,-1737,40,-32,56,user1
2025-03-07 11:26:40.383024,circle,-831,8974,-1571,129,-42,102,user1
2025-03-07 11:26:40.388061,circle,-1196,7164,-1943,161,-24,101,user1
2025-03-07 11:26:40.393113,circle,-473,7925,-1889,98,7,57,user1
2025-03-07 11:26:40.398152,circle,-696,7884,-1951,87,8,58,user1
2025-03-07 11:26:40.402320,circle,-730,8015,-2017,68,11,60,user1
2025-03-07 11:26:40.407485,circle,-697,8087,-1964,61,18,55,user1
2025-03-07 11:26:40.412565,circle,-621,8024,-1956,54,32,47,user1
2025-03-07 11:26:40.417591,circle,-581,8019,-1943,42,37,42,user1
2025-03-07 11:26:40.422623,circle,-569,8081,-1905,34,35,32,user1
2025-03-07 11:26:40.427661,circle,-617,8143,-1870,28,39,27,user1
2025-03-07 11:26:40.432701,circle,-580,8262,-1927,40,54,18,user1
2025-03-07 11:26:40.437746,circle,-525,8219,-1953,51,54,9,user1
2025-03-07 11:26:40.442790,circle,-443,8176,-2012,60,48,4,user1
2025-03-07 11:26:40.447563,circle,-500,8145,-2011,67,46,2,user1
2025-03-07 11:26:40.452590,circle,-596,8114,-1960,76,36,-1,user1
2025-03-07 11:26:40.457619,circle,-637,8062,-1911,80,34,-2,user1
2025-03-07 11:26:40.462644,circle,-702,7993,-1941,85,35,0,user1
2025-03-07 11:26:40.467680,circle,-702,7977,-1995,87,33,2,user1
2025-03-07 11:26:40.472721,circle,-750,7930,-1989,88,22,12,user1
2025-03-07 11:26:40.477747,circle,-757,7935,-1941,93,18,17,user1
2025-03-07 11:26:40.482497,circle,-761,7925,-1948,96,18,20,user1
2025-03-07 11:26:40.487464,circle,-735,7954,-1951,93,20,19,user1
2025-03-07 11:26:40.492501,circle,-759,7896,-1963,93,17,15,user1
2025-03-07 11:26:40.497528,circle,-766,7864,-2012,87,17,14,user1
2025-03-07 11:26:40.501636,none,-802,7788,-1991,76,15,10,user1
2025-03-07 11:26:40.506338,none,-766,7799,-2010,63,15,12,user1
2025-03-07 11:26:40.511632,none,-794,7651,-2053,49,15,9,user1
2025-03-07 11:26:40.516076,none,-825,7411,-2065,13,22,-7,user1
2025-03-07 11:26:40.521578,none,-539,8379,-1882,-53,16,-24,user1
2025-03-07 11:26:40.526638,none,-780,8343,-1855,5,-2,18,user1
2025-03-07 11:26:40.531669,none,-880,8054,-1942,31,-7,33,user1
2025-03-07 11:26:40.536794,none,-672,7980,-1988,20,10,12,user1
2025-03-07 11:26:40.541854,none,-640,7948,-2030,22,11,3,user1
2025-03-07 11:26:40.546904,none,-671,7941,-1995,23,9,2,user1
2025-03-07 11:26:40.551132,none,-693,7948,-1978,20,5,2,user1
2025-03-07 11:26:40.556196,none,-697,7967,-1959,25,6,2,user1
2025-03-07 11:26:40.561237,none,-612,7992,-2022,32,10,-3,user1
2025-03-07 11:26:40.566269,none,-634,7948,-2066,31,8,-2,user1
2025-03-07 11:26:40.571307,none,-606,7930,-2026,28,4,-5,user1
2025-03-07 11:26:40.576339,none,-640,7921,-2048,23,-1,-10,user1
2025-03-07 11:26:40.581371,none,-720,7829,-2087,6,6,-14,user1
2025-03-07 11:26:40.586398,none,-742,7871,-2070,-1,5,-14,user1
2025-03-07 11:26:40.591429,none,-708,7909,-2044,-8,5,-12,user1
2025-03-07 11:26:40.596562,none,-706,7932,-2056,-4,1,-12,user1
2025-03-07 11:26:40.600670,none,-746,7896,-2033,-7,2,-14,user1
2025-03-07 11:26:40.605947,none,-741,7874,-2023,-11,0,-14,user1
2025-03-07 11:26:40.610564,none,-757,7917,-1992,-18,1,-15,user1
2025-03-07 11:26:40.615159,none,-750,7962,-1995,-20,2,-14,user1
2025-03-07 11:26:40.620199,none,-741,7985,-1962,-22,2,-14,user1
2025-03-07 11:26:40.625283,none,-761,8051,-1907,-16,0,-18,user1
2025-03-07 11:26:41.454959,none,-725,7943,-2104,8,8,7,user1
2025-03-07 11:26:41.459991,none,-718,7932,-2121,5,5,7,user1
2025-03-07 11:26:41.465024,none,-712,7923,-2092,3,7,8,user1
2025-03-07 11:26:41.470053,none,-705,7945,-2104,4,9,8,user1
2025-03-07 11:26:41.475087,none,-699,7944,-2118,2,11,11,user1
2025-03-07 11:26:41.480122,none,-697,7943,-2079,2,8,8,user1
2025-03-07 11:26:41.485153,none,-691,7954,-2086,0,10,12,user1
2025-03-07 11:26:41.490181,none,-686,7946,-2062,1,8,9,user1
2025-03-07 11:26:41.495216,none,-701,7975,-2050,2,7,10,user1
2025-03-07 11:26:41.500799,none,-724,8007,-2064,2,8,8,user1
2025-03-07 11:26:41.505915,none,-720,8014,-2039,2,7,5,user1
2025-03-07 11:26:41.510971,none,-723,8042,-2028,1,7,1,user1
2025-03-07 11:26:41.516008,none,-711,8022,-2002,4,6,0,user1
2025-03-07 11:26:41.520398,none,-716,8043,-2017,6,7,-1,user1
2025-03-07 11:26:41.525327,none,-712,7963,-2039,13,6,-1,user1
2025-03-07 11:26:41.530378,none,-681,7906,-2075,14,7,-1,user1
2025-03-07 11:26:41.534993,none,-683,7924,-2084,11,5,-3,user1
2025-03-07 11:26:41.540045,none,-658,7942,-2087,13,6,-4,user1
2025-03-07 11:26:41.545089,none,-713,7928,-2135,5,1,-6,user1
2025-03-07 11:26:41.550128,none,-739,7939,-2118,2,0,-7,user1
2025-03-07 11:26:41.554492,none,-747,7916,-2119,0,0,-7,user1
2025-03-07 11:26:41.559538,none,-720,7939,-2099,-5,0,-11,user1
2025-03-07 11:26:41.564725,none,-705,7951,-2119,-3,0,-15,user1
2025-03-07 11:26:41.569449,none,-712,7973,-2087,-5,0,-14,user1
2025-03-07 11:26:41.574487,none,-708,7951,-2099,-5,-3,-16,user1
2025-03-07 11:26:41.579519,none,-725,7962,-2077,-5,0,-20,user1
2025-03-07 11:26:41.584727,none,-735,8015,-2083,-1,3,-21,user1
2025-03-07 11:26:41.589691,none,-736,8015,-2074,2,3,-20,user1
2025-03-07 11:26:41.594725,none,-738,8005,-2045,3,5,-19,user1
2025-03-07 11:26:41.599494,none,-707,7987,-2062,9,6,-19,user1
2025-03-07 11:26:41.604661,none,-709,8007,-2074,13,7,-15,user1
2025-03-07 11:26:41.609701,none,-696,8034,-2083,19,6,-13,user1
2025-03-07 11:26:41.614807,none,-731,8023,-2049,21,4,-8,user1
2025-03-07 11:26:41.619849,none,-743,7970,-2049,23,9,-8,user1
2025-03-07 11:26:41.624883,none,-722,7970,-2080,24,9,-1,user1
2025-03-07 11:26:41.629913,none,-749,7997,-2079,23,11,-2,user1
2025-03-07 11:26:41.634763,none,-777,7973,-2102,24,9,-3,user1
2025-03-07 11:26:41.639741,none,-723,7996,-2126,20,11,-5,user1
2025-03-07 11:26:41.644781,none,-740,7955,-2126,16,8,-2,user1
2025-03-07 11:26:41.649385,none,-750,7942,-2095,20,8,-2,user1
2025-03-07 11:26:41.654122,none,-741,7931,-2091,19,9,0,user1
2025-03-07 11:26:41.659150,none,-717,7923,-2082,17,10,-1,user1
2025-03-07 11:26:41.664256,none,-720,7883,-2078,14,8,-2,user1
2025-03-07 11:26:41.669315,none,-719,7929,-2116,4,7,3,user1
2025-03-07 11:26:41.674344,none,-709,7887,-2118,-5,3,0,user1
2025-03-07 11:26:41.679378,none,-696,7885,-2141,-17,3,2,user1
2025-03-07 11:26:41.684410,none,-695,7891,-2163,-21,4,0,user1
2025-03-07 11:26:41.689443,none,-704,7901,-2171,-40,-2,-11,user1
2025-03-07 11:26:41.694472,none,-680,7980,-2130,-43,-4,-14,user1
2025-03-07 11:26:41.699711,none,-614,8232,-2096,-45,-6,-24,user1
2025-03-07 11:26:41.704744,left,-801,6651,-2322,-41,-17,-42,user1
2025-03-07 11:26:41.709780,left,-1164,7816,-2020,-66,-15,-23,user1
2025-03-07 11:26:41.714810,left,-903,7687,-1943,-73,-1,-2,user1
2025-03-07 11:26:41.719839,left,-805,7987,-1859,-70,5,-4,user1
2025-03-07 11:26:41.724873,left,-576,8112,-2030,-57,11,-13,user1
2025-03-07 11:26:41.729911,left,-658,8144,-2104,-39,5,-13,user1
2025-03-07 11:26:41.734956,left,-795,8110,-2123,-27,0,-13,user1
2025-03-07 11:26:41.739999,left,-823,8042,-2125,-24,5,-8,user1
2025-03-07 11:26:41.745037,left,-742,7996,-2086,-29,5,-4,user1
2025-03-07 11:26:41.750084,left,-756,7986,-2053,-25,1,-2,user1
2025-03-07 11:26:41.754323,left,-753,7985,-2043,-25,1,2,user1
2025-03-07 11:26:41.759364,left,-717,8018,-2045,-17,1,1,user1
2025-03-07 11:26:41.764422,left,-751,8022,-2073,-11,-1,4,user1
2025-03-07 11:26:41.769474,left,-792,8054,-2082,-1,0,8,user1
2025-03-07 11:26:41.773927,left,-762,8022,-2087,0,2,3,user1
2025-03-07 11:26:41.778966,left,-773,8027,-2080,6,2,5,user1
2025-03-07 11:26:41.784007,left,-789,8031,-2047,7,1,5,user1
2025-03-07 11:26:41.789032,left,-763,8006,-2064,14,6,5,user1
2025-03-07 11:26:41.794054,left,-733,7997,-2085,15,7,8,user1
2025-03-07 11:26:41.799220,left,-744,7937,-2067,16,7,13,user1
2025-03-07 11:26:41.803572,left,-748,7950,-2098,17,6,12,user1
2025-03-07 11:26:41.808612,left,-724,7978,-2105,18,5,19,user1
2025-03-07 11:26:41.813642,left,-735,7960,-2078,19,6,18,user1
2025-03-07 11:26:41.818324,left,-746,7975,-2090,19,5,23,user1
2025-03-07 11:26:41.823388,left,-760,7980,-2062,19,4,22,user1
2025-03-07 11:26:41.828455,left,-703,7917,-2075,20,2,25,user1
2025-03-07 11:26:41.832824,left,-739,7943,-2087,22,4,28,user1
2025-03-07 11:26:41.837850,left,-714,7907,-2132,20,3,32,user1
2025-03-07 11:26:41.842885,left,-703,7911,-2100,19,-1,34,user1
2025-03-07 11:26:41.847694,left,-710,7902,-2097,21,-4,34,user1
2025-03-07 11:26:41.852732,none,-690,7859,-2146,19,-7,34,user1
2025-03-07 11:26:41.857761,none,-782,7651,-2154,10,-9,39,user1
2025-03-07 11:26:41.862848,none,-941,7401,-2072,-2,-10,53,user1
2025-03-07 11:26:41.867345,none,-1036,7423,-1934,-17,-4,75,user1
2025-03-07 11:26:41.872569,none,-183,8306,-2153,22,-1,32,user1
2025-03-07 11:26:41.877599,none,-424,8010,-2241,22,-17,9,user1
2025-03-07 11:26:41.882625,none,-655,7973,-2238,16,-22,3,user1
2025-03-07 11:26:41.887653,none,-829,7949,-2186,11,-24,5,user1
2025-03-07 11:26:41.892682,none,-842,7781,-2015,-3,-12,8,user1
2025-03-07 11:26:41.897891,none,-675,7794,-1997,-18,-10,4,user1
2025-03-07 11:26:41.902920,none,-645,7884,-1969,-23,-12,3,user1
2025-03-07 11:26:41.907760,none,-710,7993,-1938,-18,-15,-1,user1
2025-03-07 11:26:41.912784,none,-800,8122,-2001,6,-3,-4,user1
2025-03-07 11:26:41.917808,none,-763,8144,-2071,14,-2,-9,user1
2025-03-07 11:26:41.922832,none,-764,8014,-2057,16,-4,-10,user1
2025-03-07 11:26:41.927533,none,-789,7944,-2037,9,-2,-8,user1
2025-03-07 11:26:41.932573,none,-750,7926,-2082,11,-3,-8,user1
2025-03-07 11:26:41.937607,none,-781,7920,-2056,9,-4,-10,user1
2025-03-07 11:26:41.942639,none,-789,7943,-2058,8,0,-6,user1
2025-03-07 11:26:41.947679,none,-848,7967,-2013,6,2,-1,user1
2025-03-07 11:26:42.028204,none,-712,7967,-2064,21,8,4,user1
2025-03-07 11:26:42.033249,none,-734,7924,-2085,15,8,0,user1
2025-03-07 11:26:42.038290,none,-695,7979,-2083,13,10,-3,user1
2025-03-07 11:26:42.043331,none,-710,7957,-2066,12,14,-5,user1
2025-03-07 11:26:42.048258,none,-710,7974,-2069,13,15,-9,user1
2025-03-07 11:26:42.053307,none,-736,7954,-2059,9,16,-8,user1
2025-03-07 11:26:42.058330,none,-742,7951,-2042,6,19,-13,user1
2025-03-07 11:26:42.063357,none,-719,7970,-2080,9,16,-12,user1
2025-03-07 11:26:42.068320,none,-734,7977,-2086,10,18,-8,user1
2025-03-07 11:26:42.073402,none,-718,7953,-2082,16,18,-5,user1
2025-03-07 11:26:42.078432,none,-758,7938,-2117,16,18,0,user1
2025-03-07 11:26:42.083513,none,-744,7909,-2107,15,17,0,user1
2025-03-07 11:26:42.088624,none,-707,7942,-2117,12,15,8,user1
2025-03-07 11:26:42.093656,none,-716,7926,-2116,14,16,5,user1
2025-03-07 11:26:42.098925,none,-721,7938,-2109,12,12,7,user1
2025-03-07 11:26:42.103960,none,-734,7942,-2122,13,12,11,user1
2025-03-07 11:26:42.108997,none,-737,7898,-2074,19,13,10,user1
2025-03-07 11:26:42.114050,none,-729,7835,-2080,21,13,19,user1
2025-03-07 11:26:42.119079,none,-736,7902,-2067,25,15,19,user1
2025-03-07 11:26:42.124107,none,-776,7872,-2090,28,16,22,user1
2025-03-07 11:26:42.129137,none,-709,7857,-2183,24,11,26,user1
2025-03-07 11:26:42.134171,none,-715,7808,-2226,18,8,30,user1
2025-03-07 11:26:42.139202,none,-719,7779,-2270,0,2,30,user1
2025-03-07 11:26:42.144232,none,-703,7764,-2222,-14,-2,31,user1
2025-03-07 11:26:42.149265,none,-748,7788,-2142,-34,-10,33,user1
2025-03-07 11:26:42.154300,none,-737,7808,-2081,-39,-10,35,user1
2025-03-07 11:26:42.159332,none,-721,7877,-2050,-40,-7,33,user1
2025-03-07 11:26:42.164377,none,-702,7964,-2048,-43,-7,28,user1
2025-03-07 11:26:42.169413,none,-650,8032,-2108,-41,-5,15,user1
2025-03-07 11:26:42.174448,none,-684,8058,-2113,-35,-6,9,user1
2025-03-07 11:26:42.179531,none,-667,8064,-2114,-30,-6,3,user1
2025-03-07 11:26:42.184616,none,-695,7961,-2094,-28,-5,-3,user1
2025-03-07 11:26:42.189649,none,-719,7948,-2081,-29,-6,-8,user1
2025-03-07 11:26:42.194686,none,-711,7933,-2065,-31,-5,-11,user1
2025-03-07 11:26:42.199714,none,-749,7965,-2090,-31,-3,-15,user1
2025-03-07 11:26:42.204751,none,-719,7990,-2059,-36,-1,-20,user1
2025-03-07 11:26:42.209775,none,-767,8012,-2053,-36,-1,-23,user1
2025-03-07 11:26:42.214799,none,-787,8028,-2074,-35,0,-26,user1
2025-03-07 11:26:42.219821,none,-780,8017,-2045,-35,1,-27,user1
2025-03-07 11:26:42.224839,none,-830,8023,-2025,-26,3,-26,user1
2025-03-07 11:26:42.229897,none,-809,8004,-2004,-23,3,-27,user1
2025-03-07 11:26:42.234963,none,-796,8038,-2013,-17,6,-20,user1
2025-03-07 11:26:42.240002,none,-788,8024,-1988,-9,9,-17,user1
2025-03-07 11:26:42.245031,none,-750,8019,-2046,5,12,-7,user1
2025-03-07 11:26:42.250062,none,-770,8013,-2096,9,12,-4,user1
2025-03-07 11:26:42.255165,none,-757,8017,-2117,12,13,1,user1
2025-03-07 11:26:42.260227,none,-736,7997,-2106,11,12,5,user1
2025-03-07 11:26:42.265529,none,-745,7966,-2129,5,11,10,user1
2025-03-07 11:26:42.270571,none,-709,7985,-2169,2,8,10,user1
2025-03-07 11:26:42.275556,none,-688,8038,-2186,0,5,9,user1
2025-03-07 11:26:42.280596,down,-654,8178,-2221,-3,-1,3,user1
2025-03-07 11:26:42.285640,down,-700,7815,-2165,-29,-7,20,user1
2025-03-07 11:26:42.289703,down,-787,7954,-2014,-23,-4,23,user1
2025-03-07 11:26:42.294738,down,-695,7953,-2068,-17,0,26,user1
2025-03-07 11:26:42.300007,down,-669,7967,-2145,-18,3,25,user1
2025-03-07 11:26:42.305045,down,-675,8010,-2119,-28,1,13,user1
2025-03-07 11:26:42.310093,down,-699,8054,-2080,-28,-2,7,user1
2025-03-07 11:26:42.315137,down,-750,8005,-2022,-24,2,4,user1
2025-03-07 11:26:42.320168,down,-771,8027,-1981,-17,5,3,user1
2025-03-07 11:26:42.325207,down,-749,8033,-1981,-5,7,-1,user1
2025-03-07 11:26:42.330268,down,-759,8017,-1975,-1,10,-8,user1
2025-03-07 11:26:42.335333,down,-724,8041,-2005,1,12,-6,user1
2025-03-07 11:26:42.340784,down,-778,8001,-2035,8,12,-10,user1
2025-03-07 11:26:42.345829,down,-766,7991,-1992,8,13,-10,user1
2025-03-07 11:26:42.350850,down,-766,8019,-1995,13,12,-12,user1
2025-03-07 11:26:42.355870,down,-798,7991,-1985,13,13,-13,user1
2025-03-07 11:26:42.360885,down,-798,7968,-2016,13,11,-16,user1
2025-03-07 11:26:42.365896,down,-768,7970,-2061,12,11,-14,user1
2025-03-07 11:26:42.370910,down,-779,7922,-2090,11,9,-14,user1
2025-03-07 11:26:42.375922,down,-780,7925,-2088,14,8,-11,user1
2025-03-07 11:26:42.380934,down,-770,8013,-2048,19,7,-4,user1
2025-03-07 11:26:42.385947,down,-812,8040,-2070,22,2,-6,user1
2025-03-07 11:26:42.390967,down,-793,8036,-2061,27,4,-2,user1
2025-03-07 11:26:42.395993,down,-792,8010,-2078,28,3,1,user1
2025-03-07 11:26:42.401136,down,-765,7983,-2122,37,0,11,user1
2025-03-07 11:26:42.406163,down,-781,7961,-2133,38,-2,17,user1
2025-03-07 11:26:42.411187,down,-756,7936,-2136,39,-4,21,user1
2025-03-07 11:26:42.416219,down,-734,7941,-2158,39,-5,28,user1
2025-03-07 11:26:42.421261,down,-732,7918,-2170,37,-6,35,user1
2025-03-07 11:26:42.426300,none,-749,7903,-2130,33,-8,35,user1
2025-03-07 11:26:42.431326,none,-750,7876,-2112,31,-8,41,user1
2025-03-07 11:26:42.436374,none,-759,7780,-2055,28,-5,50,user1
2025-03-07 11:26:42.441389,none,-808,7753,-1889,32,2,61,user1
2025-03-07 11:26:42.446412,none,-722,8304,-2138,36,8,60,user1
2025-03-07 11:26:42.451433,none,-679,8433,-2214,43,5,35,user1
2025-03-07 11:26:42.456447,none,-648,7959,-2265,15,-7,13,user1
2025-03-07 11:26:42.461463,none,-744,7982,-2134,9,-12,8,user1
2025-03-07 11:26:42.466486,none,-747,7957,-1985,9,-8,5,user1
2025-03-07 11:26:42.471508,none,-774,7999,-1914,18,-4,4,user1
2025-03-07 11:26:42.476523,none,-735,8016,-2009,26,2,1,user1
2025-03-07 11:26:42.481540,none,-743,7952,-2000,30,3,0,user1
2025-03-07 11:26:42.486561,none,-762,7976,-2036,26,2,2,user1
2025-03-07 11:26:42.491583,none,-746,8016,-2073,27,5,2,user1
2025-03-07 11:26:42.496597,none,-774,8012,-2034,40,9,6,user1
2025-03-07 11:26:42.501687,none,-713,7895,-2095,43,7,8,user1
2025-03-07 11:26:42.506742,none,-701,7923,-2090,44,6,16,user1
2025-03-07 11:26:42.511759,none,-704,7966,-2119,48,3,18,user1
2025-03-07 11:26:42.516775,none,-748,7945,-2124,57,3,23,user1
2025-03-07 11:26:42.521249,none,-729,7889,-2146,57,3,23,user1
2025-03-07 11:26:42.526274,none,-724,7911,-2149,52,0,30,user1
2025-03-07 11:26:42.709596,none,-667,7870,-2173,83,3,87,user1
2025-03-07 11:26:42.714677,none,-667,7862,-2191,82,4,95,user1
2025-03-07 11:26:42.719705,none,-667,7872,-2211,87,0,94,user1
2025-03-07 11:26:42.724735,none,-700,7956,-2169,92,0,96,user1
2025-03-07 11:26:42.729761,none,-663,7903,-2181,95,0,98,user1
2025-03-07 11:26:42.734795,none,-677,7830,-2195,96,-1,99,user1
2025-03-07 11:26:42.739825,none,-678,7784,-2202,93,-1,101,user1
2025-03-07 11:26:42.744853,none,-647,7825,-2238,93,-4,105,user1
2025-03-07 11:26:42.749041,none,-657,7830,-2272,95,-7,106,user1
2025-03-07 11:26:42.754194,none,-659,7812,-2301,92,-11,108,user1
2025-03-07 11:26:42.759232,none,-666,7765,-2291,84,-13,110,user1
2025-03-07 11:26:42.777192,none,-636,7783,-2288,78,-16,107,user1
2025-03-07 11:26:42.782324,none,-623,7781,-2305,68,-16,104,user1
2025-03-07 11:26:42.787864,none,-605,7787,-2293,61,-17,106,user1
2025-03-07 11:26:42.793744,none,-594,7843,-2297,55,-17,103,user1
2025-03-07 11:26:42.800822,none,-595,7913,-2275,50,-19,99,user1
2025-03-07 11:26:42.805998,none,-575,7891,-2294,48,-19,90,user1
2025-03-07 11:26:42.811521,none,-586,7953,-2281,44,-16,84,user1
2025-03-07 11:26:42.817294,none,-590,8106,-2202,48,-10,66,user1
2025-03-07 11:26:42.822327,none,-607,8071,-2215,49,-7,56,user1
2025-03-07 11:26:42.827353,none,-580,8026,-2191,55,-4,52,user1
2025-03-07 11:26:42.832367,none,-602,7984,-2235,64,-3,55,user1
2025-03-07 11:26:42.837382,none,-578,7966,-2241,63,-3,57,user1
2025-03-07 11:26:42.842405,none,-622,7957,-2263,66,-4,58,user1
2025-03-07 11:26:42.847426,none,-591,7970,-2269,71,-5,64,user1
2025-03-07 11:26:42.851662,none,-589,7974,-2244,74,-7,66,user1
2025-03-07 11:26:42.856682,none,-609,7990,-2190,89,-9,78,user1
2025-03-07 11:26:42.861701,none,-631,8028,-2213,103,-8,85,user1
2025-03-07 11:26:42.866727,none,-627,8007,-2230,122,-8,90,user1
2025-03-07 11:26:42.871751,none,-609,7962,-2262,136,-9,95,user1
2025-03-07 11:26:42.876767,none,-655,7980,-2296,153,-14,103,user1
2025-03-07 11:26:42.881783,none,-651,8045,-2308,155,-11,106,user1
2025-03-07 11:26:42.886797,none,-683,8047,-2324,152,-14,104,user1
2025-03-07 11:26:42.891814,none,-667,7975,-2379,145,-15,101,user1
2025-03-07 11:26:42.896830,none,-670,7866,-2320,122,-23,101,user1
2025-03-07 11:26:42.901839,none,-650,7907,-2352,109,-27,102,user1
2025-03-07 11:26:42.906855,none,-666,7905,-2340,98,-25,104,user1
2025-03-07 11:26:42.911879,none,-616,7920,-2298,90,-26,104,user1
2025-03-07 11:26:42.917001,none,-668,7939,-2239,84,-24,106,user1
2025-03-07 11:26:42.922019,none,-660,7934,-2250,86,-23,109,user1
2025-03-07 11:26:42.927037,none,-605,8032,-2260,89,-23,111,user1
2025-03-07 11:26:42.932084,none,-573,8067,-2299,93,-23,110,user1
2025-03-07 11:26:42.937151,none,-523,8165,-2360,104,-25,106,user1
2025-03-07 11:26:42.942183,none,-501,8165,-2363,113,-28,105,user1
2025-03-07 11:26:42.946627,none,-477,8098,-2370,124,-30,105,user1
2025-03-07 11:26:42.951671,none,-468,8155,-2375,135,-31,103,user1
2025-03-07 11:26:42.956423,none,-506,8036,-2362,149,-34,96,user1
2025-03-07 11:26:42.961444,none,-520,7943,-2389,147,-29,96,user1
2025-03-07 11:26:42.966345,none,-545,7924,-2376,140,-31,94,user1
2025-03-07 11:26:42.971375,none,-585,8040,-2351,138,-30,94,user1
2025-03-07 11:26:42.976522,right,-462,7362,-2462,159,-21,107,user1
2025-03-07 11:26:42.981556,right,-355,7411,-2605,131,-30,126,user1
2025-03-07 11:26:42.986587,right,-482,7934,-2416,116,-33,125,user1
2025-03-07 11:26:42.991616,right,-416,8048,-2450,112,-27,112,user1
2025-03-07 11:26:42.996646,right,-430,7943,-2527,94,-21,91,user1
2025-03-07 11:26:43.001675,right,-455,7929,-2466,80,-19,81,user1
2025-03-07 11:26:43.006702,right,-434,7967,-2405,71,-19,78,user1
2025-03-07 11:26:43.011728,right,-446,7992,-2435,67,-20,67,user1
2025-03-07 11:26:43.016941,right,-448,7971,-2448,76,-16,64,user1
2025-03-07 11:26:43.022035,right,-425,7906,-2489,76,-17,59,user1
2025-03-07 11:26:43.027064,right,-391,7874,-2531,74,-15,53,user1
2025-03-07 11:26:43.031704,right,-400,7895,-2512,70,-16,53,user1
2025-03-07 11:26:43.037009,right,-396,7848,-2504,64,-13,45,user1
2025-03-07 11:26:43.042197,right,-388,7793,-2520,60,-12,43,user1
2025-03-07 11:26:43.047225,right,-405,7840,-2498,53,-9,38,user1
2025-03-07 11:26:43.052302,right,-395,7789,-2468,47,-9,37,user1
2025-03-07 11:26:43.057356,right,-436,7775,-2522,32,-5,27,user1
2025-03-07 11:26:43.062397,right,-424,7766,-2528,25,-3,27,user1
2025-03-07 11:26:43.067443,right,-430,7728,-2506,22,-1,26,user1
2025-03-07 11:26:43.072286,right,-421,7732,-2504,13,0,22,user1
2025-03-07 11:26:43.077326,right,-399,7711,-2475,0,7,23,user1
2025-03-07 11:26:43.082357,right,-391,7688,-2509,-5,8,27,user1
2025-03-07 11:26:43.087391,right,-407,7658,-2534,-12,8,26,user1
2025-03-07 11:26:43.092421,right,-396,7644,-2540,-20,7,28,user1
2025-03-07 11:26:43.097456,right,-379,7580,-2565,-33,6,32,user1
2025-03-07 11:26:43.102157,right,-375,7563,-2584,-41,3,39,user1
2025-03-07 11:26:43.107189,right,-372,7573,-2581,-51,0,43,user1
2025-03-07 11:26:43.112106,right,-369,7605,-2582,-60,0,40,user1
2025-03-07 11:26:43.117311,right,-372,7718,-2530,-79,-4,40,user1
2025-03-07 11:26:43.122338,right,-361,7795,-2521,-85,-6,34,user1
2025-03-07 11:26:43.127398,right,-357,7881,-2488,-85,-7,24,user1
2025-03-07 11:26:43.132434,none,-351,7941,-2443,-86,-9,16,user1
2025-03-07 11:26:43.137463,none,-357,8041,-2357,-72,-7,-10,user1
2025-03-07 11:26:43.142369,none,-309,8050,-2349,-64,-7,-26,user1
2025-03-07 11:26:43.147416,none,-257,7843,-2379,-62,-5,-35,user1
2025-03-07 11:26:43.152753,none,-228,7797,-2498,-73,-9,-44,user1
2025-03-07 11:26:43.157442,none,-667,8476,-2069,-42,0,-85,user1
2025-03-07 11:26:43.162475,none,-549,7990,-2215,-19,12,-90,user1
2025-03-07 11:26:43.167508,none,-595,7733,-2318,-14,12,-78,user1
2025-03-07 11:26:43.172699,none,-572,7849,-2331,9,2,-33,user1
2025-03-07 11:26:43.177734,none,-581,7919,-2358,34,0,-12,user1
2025-03-07 11:26:43.182769,none,-626,7914,-2366,52,1,8,user1
2025-03-07 11:26:43.187849,none,-648,7887,-2421,63,0,24,user1
2025-03-07 11:26:43.192885,none,-610,7782,-2461,58,-10,53,user1
2025-03-07 11:26:43.197922,none,-632,7788,-2415,49,-13,68,user1
2025-03-07 11:26:43.202961,none,-610,7816,-2376,51,-14,81,user1
2025-03-07 11:26:43.208004,none,-581,7800,-2443,50,-16,92,user1
2025-03-07 11:26:43.213045,none,-529,7926,-2491,50,-21,108,user1
2025-03-07 11:26:43.218311,none,-536,7982,-2478,49,-21,109,user1
2025-03-07 11:26:43.223343,none,-499,7962,-2466,50,-23,104,user1
2025-03-07 11:26:43.258746,none,-413,7797,-2881,90,-11,66,user1
2025-03-07 11:26:43.263835,none,-419,7839,-2858,64,-20,56,user1
2025-03-07 11:26:43.268870,none,-434,7760,-2449,43,-31,51,user1
2025-03-07 11:26:43.273978,none,-428,7806,-2355,49,-32,50,user1
2025-03-07 11:26:43.278039,none,-435,7813,-2346,58,-34,52,user1
2025-03-07 11:26:43.283071,none,-467,7839,-2347,65,-30,53,user1
2025-03-07 11:26:43.288180,none,-493,7809,-2353,70,-25,57,user1
2025-03-07 11:26:43.292829,none,-410,7832,-2474,71,-21,60,user1
2025-03-07 11:26:43.297073,none,-448,7809,-2497,71,-21,60,user1
2025-03-07 11:26:43.301667,none,-433,7806,-2452,64,-21,61,user1
2025-03-07 11:26:43.306705,none,-420,7839,-2457,63,-18,61,user1
2025-03-07 11:26:43.311763,none,-408,7929,-2462,66,-17,61,user1
2025-03-07 11:26:43.317019,none,-423,8011,-2416,83,-13,58,user1
2025-03-07 11:26:43.322067,none,-441,7945,-2474,94,-11,58,user1
2025-03-07 11:26:43.327108,none,-399,7857,-2479,102,-10,64,user1
2025-03-07 11:26:43.332148,none,-389,7808,-2504,108,-7,70,user1
2025-03-07 11:26:43.337178,none,-369,7776,-2514,120,-5,88,user1
2025-03-07 11:26:43.341217,none,-342,7739,-2518,124,-3,104,user1
2025-03-07 11:26:43.346255,none,-328,7744,-2546,132,-2,116,user1
2025-03-07 11:26:43.350815,none,-329,7713,-2559,133,0,131,user1
2025-03-07 11:26:43.355853,none,-306,7660,-2602,132,0,138,user1
2025-03-07 11:26:43.360889,none,-309,7551,-2679,103,-5,158,user1
2025-03-07 11:26:43.365817,none,-324,7638,-2638,79,-9,157,user1
2025-03-07 11:26:43.370869,none,-380,7837,-2553,62,-7,145,user1
2025-03-07 11:26:43.375724,none,-394,8030,-2471,55,-1,130,user1
2025-03-07 11:26:43.380759,none,-351,7945,-2444,56,3,98,user1
2025-03-07 11:26:43.385800,none,-320,7863,-2503,46,3,81,user1
2025-03-07 11:26:43.390835,none,-302,7826,-2557,37,4,74,user1
2025-03-07 11:26:43.395866,none,-337,7798,-2532,27,1,67,user1
2025-03-07 11:26:43.400899,none,-339,7863,-2472,26,2,58,user1
2025-03-07 11:26:43.405926,none,-313,7917,-2506,30,4,53,user1
2025-03-07 11:26:43.410950,none,-284,7893,-2589,35,0,51,user1
2025-03-07 11:26:43.416120,none,-267,7869,-2609,36,-6,42,user1
2025-03-07 11:26:43.421145,none,-327,7952,-2670,27,-14,35,user1
2025-03-07 11:26:43.426166,none,-325,8026,-2649,27,-16,27,user1
2025-03-07 11:26:43.431193,none,-348,8051,-2646,27,-20,15,user1
2025-03-07 11:26:43.436272,none,-364,7984,-2625,32,-19,11,user1
2025-03-07 11:26:43.441336,none,-438,7863,-2549,30,-22,8,user1
2025-03-07 11:26:43.446365,none,-416,7839,-2583,28,-16,7,user1
2025-03-07 11:26:43.451450,none,-411,7867,-2545,26,-14,10,user1
2025-03-07 11:26:43.456395,none,-403,7940,-2500,26,-10,16,user1
2025-03-07 11:26:43.461433,none,-402,7863,-2547,36,-3,19,user1
2025-03-07 11:26:43.466275,none,-390,7857,-2538,36,0,23,user1
2025-03-07 11:26:43.470323,none,-370,7834,-2590,39,4,29,user1
2025-03-07 11:26:43.475367,none,-360,7886,-2580,37,5,32,user1
2025-03-07 11:26:43.480408,none,-313,7875,-2628,35,7,34,user1
2025-03-07 11:26:43.485474,none,-371,7841,-2592,34,2,37,user1
2025-03-07 11:26:43.490505,none,-414,7890,-2532,39,7,39,user1
2025-03-07 11:26:43.495532,none,-420,8058,-2425,46,12,39,user1
2025-03-07 11:26:43.499845,none,-444,8211,-2312,69,20,37,user1
2025-03-07 11:26:43.504879,up,-206,7015,-3047,80,14,79,user1
2025-03-07 11:26:43.509735,up,-305,7737,-2857,35,-1,83,user1
2025-03-07 11:26:43.514991,up,-340,8005,-2677,17,-3,72,user1
2025-03-07 11:26:43.520105,up,-289,8057,-2654,17,0,56,user1
2025-03-07 11:26:43.525173,up,-353,7854,-2578,25,-1,40,user1
2025-03-07 11:26:43.530240,up,-312,7855,-2581,26,-2,36,user1
2025-03-07 11:26:43.535308,up,-288,7836,-2651,22,-3,29,user1
2025-03-07 11:26:43.539795,up,-342,7815,-2662,16,-6,27,user1
2025-03-07 11:26:43.544860,up,-269,7797,-2603,5,-3,15,user1
2025-03-07 11:26:43.549524,up,-259,7754,-2595,-3,-3,12,user1
2025-03-07 11:26:43.554597,up,-244,7752,-2611,-12,-4,9,user1
2025-03-07 11:26:43.559624,up,-274,7757,-2603,-17,-3,9,user1
2025-03-07 11:26:43.564647,up,-255,7863,-2587,-28,-1,3,user1
2025-03-07 11:26:43.569695,up,-260,7884,-2586,-26,0,1,user1
2025-03-07 11:26:43.574735,up,-285,7893,-2567,-17,2,0,user1
2025-03-07 11:26:43.579764,up,-313,7897,-2560,-15,3,-7,user1
2025-03-07 11:26:43.584799,up,-309,7850,-2606,-7,8,-13,user1
2025-03-07 11:26:43.589828,up,-334,7878,-2607,-5,8,-14,user1
2025-03-07 11:26:43.594865,up,-278,7870,-2579,-1,11,-15,user1
2025-03-07 11:26:43.599900,up,-282,7870,-2584,5,11,-16,user1
2025-03-07 11:26:43.604275,up,-257,7885,-2608,10,13,-20,user1
2025-03-07 11:26:43.609327,up,-292,7863,-2639,23,15,-20,user1
2025-03-07 11:26:43.614509,up,-282,7895,-2623,26,15,-18,user1
2025-03-07 11:26:43.619544,up,-277,7870,-2644,31,14,-17,user1
2025-03-07 11:26:43.624643,up,-296,7791,-2645,40,13,-11,user1
2025-03-07 11:26:43.629213,up,-301,7776,-2666,40,12,-11,user1
2025-03-07 11:26:43.634247,up,-313,7775,-2663,40,9,-4,user1
2025-03-07 11:26:43.639269,up,-320,7730,-2673,38,6,2,user1
2025-03-07 11:26:43.644303,up,-345,7698,-2673,36,4,10,user1
2025-03-07 11:26:43.649344,none,-344,7632,-2720,22,-3,26,user1
2025-03-07 11:26:43.654380,none,-334,7473,-2779,8,-5,34,user1
2025-03-07 11:26:43.659471,none,-288,7446,-2825,-15,-10,41,user1
2025-03-07 11:26:43.664608,none,-350,7342,-2877,-93,-25,41,user1
2025-03-07 11:26:43.669637,none,-395,8167,-2555,-126,-24,22,user1
2025-03-07 11:26:43.674664,none,-402,8615,-2208,-98,-10,-14,user1
2025-03-07 11:26:43.679690,none,-378,7986,-2396,-63,0,-32,user1
2025-03-07 11:26:43.684726,none,-441,7877,-2516,-64,3,-39,user1
2025-03-07 11:26:43.689775,none,-388,8011,-2518,-69,3,-44,user1
2025-03-07 11:26:43.694803,none,-380,8039,-2531,-66,6,-50,user1
2025-03-07 11:26:43.699836,none,-409,8029,-2459,-60,10,-53,user1
2025-03-07 11:26:43.704399,none,-379,8004,-2418,-50,11,-55,user1
2025-03-07 11:26:43.709459,none,-413,8201,-2363,-27,13,-55,user1
2025-03-07 11:26:43.714280,none,-455,8193,-2394,-9,17,-60,user1
2025-03-07 11:26:43.719306,none,-358,8126,-2456,4,18,-61,user1
2025-03-07 11:26:43.724074,none,-322,8019,-2561,13,14,-56,user1
2025-03-07 11:26:43.729095,none,-439,7966,-2578,29,7,-47,user1
2025-03-07 11:26:43.734084,none,-449,7987,-2554,35,7,-42,user1
2025-03-07 11:26:43.739111,none,-563,7952,-2489,44,7,-34,user1
2025-03-07 11:26:43.744138,none,-465,7839,-2575,52,10,-25,user1
2025-03-07 11:26:43.749173,none,-344,7710,-2692,45,-1,-4,user1
