timestamp,button_press,gyro_pitch,gyro_yaw,gyro_roll,acc_x,acc_y,acc_z,user_id,audio_file
2025-04-20T17:55:19.994908,none,-760,7146,-3833,0,-4,4,user1,user1_20250420_175517.wav
2025-04-20T17:55:20.000079,none,-747,7215,-3841,0,-6,13,user1,user1_20250420_175517.wav
2025-04-20T17:55:20.010769,none,-725,7214,-3867,1,-8,14,user1,user1_20250420_175517.wav
2025-04-20T17:55:20.015801,none,-764,7232,-3896,-3,-10,15,user1,user1_20250420_175517.wav
2025-04-20T17:55:20.020820,none,-734,7251,-3869,-7,-10,18,user1,user1_20250420_175517.wav
2025-04-20T17:55:20.025832,none,-726,7311,-3860,-7,-13,25,user1,user1_20250420_175517.wav
2025-04-20T17:55:20.030846,none,-717,7430,-3832,-2,-11,24,user1,user1_20250420_175517.wav
2025-04-20T17:55:20.035462,none,-701,7391,-3851,1,-10,25,user1,user1_20250420_175517.wav
2025-04-20T17:55:20.040478,none,-714,7386,-3875,1,-10,23,user1,user1_20250420_175517.wav
2025-04-20T17:55:20.045494,none,-718,7380,-3881,1,-7,23,user1,user1_20250420_175517.wav
2025-04-20T17:55:20.050514,none,-729,7373,-3875,1,-6,19,user1,user1_20250420_175517.wav
2025-04-20T17:55:20.055528,none,-711,7425,-3858,0,-2,12,user1,user1_20250420_175517.wav
2025-04-20T17:55:20.060550,none,-732,7449,-3834,2,0,10,user1,user1_20250420_175517.wav
2025-04-20T17:55:20.065582,none,-713,7489,-3830,11,1,11,user1,user1_20250420_175517.wav
2025-04-20T17:55:20.070603,none,-709,7369,-3881,18,10,2,user1,user1_20250420_175517.wav
2025-04-20T17:55:20.075619,none,-670,7386,-3859,18,9,6,user1,user1_20250420_175517.wav
2025-04-20T17:55:20.080640,none,-684,7376,-3884,24,10,3,user1,user1_20250420_175517.wav
2025-04-20T17:55:20.085656,none,-673,7313,-3876,25,10,5,user1,user1_20250420_175517.wav
2025-04-20T17:55:20.090675,none,-685,7273,-3914,23,13,2,user1,user1_20250420_175517.wav
2025-04-20T17:55:20.095091,none,-665,7243,-3895,24,11,1,user1,user1_20250420_175517.wav
2025-04-20T17:55:20.100193,none,-659,7219,-3897,24,10,-1,user1,user1_20250420_175517.wav
2025-04-20T17:55:20.105225,none,-646,7209,-3881,23,10,3,user1,user1_20250420_175517.wav
2025-04-20T17:55:20.110252,none,-626,7208,-3888,22,8,4,user1,user1_20250420_175517.wav
2025-04-20T17:55:20.115270,none,-653,7218,-3912,18,4,7,user1,user1_20250420_175517.wav
2025-04-20T17:55:20.120281,none,-651,7225,-3878,19,2,8,user1,user1_20250420_175517.wav
2025-04-20T17:55:20.125300,none,-648,7242,-3877,17,0,12,user1,user1_20250420_175517.wav
2025-04-20T17:55:20.130326,none,-654,7234,-3865,18,-2,16,user1,user1_20250420_175517.wav
2025-04-20T17:55:20.135354,none,-683,7262,-3816,19,-5,13,user1,user1_20250420_175517.wav
2025-04-20T17:55:20.140379,none,-657,7256,-3819,21,-9,18,user1,user1_20250420_175517.wav
2025-04-20T17:55:20.145399,none,-665,7239,-3858,24,-11,18,user1,user1_20250420_175517.wav
2025-04-20T17:55:20.150265,none,-656,7219,-3847,24,-10,15,user1,user1_20250420_175517.wav
2025-04-20T17:55:20.155061,none,-610,7197,-3866,27,-13,14,user1,user1_20250420_175517.wav
2025-04-20T17:55:20.159817,none,-662,7221,-3876,26,-12,15,user1,user1_20250420_175517.wav
2025-04-20T17:55:20.164846,none,-654,7211,-3865,24,-10,9,user1,user1_20250420_175517.wav
2025-04-20T17:55:20.169341,none,-644,7187,-3881,21,-12,9,user1,user1_20250420_175517.wav
2025-04-20T17:55:20.174369,none,-670,7175,-3910,18,-9,7,user1,user1_20250420_175517.wav
2025-04-20T17:55:20.179394,none,-691,7196,-3873,15,-11,5,user1,user1_20250420_175517.wav
2025-04-20T17:55:20.184421,none,-694,7194,-3893,13,-9,4,user1,user1_20250420_175517.wav
2025-04-20T17:55:20.189447,none,-707,7225,-3901,11,-10,-1,user1,user1_20250420_175517.wav
2025-04-20T17:55:20.194466,none,-716,7233,-3905,10,-8,-4,user1,user1_20250420_175517.wav
2025-04-20T17:55:20.199694,none,-709,7286,-3907,6,-9,-1,user1,user1_20250420_175517.wav
2025-04-20T17:55:20.204755,none,-685,7319,-3941,5,-8,0,user1,user1_20250420_175517.wav
2025-04-20T17:55:20.209834,none,-652,7286,-3945,5,-7,2,user1,user1_20250420_175517.wav
2025-04-20T17:55:20.214875,none,-706,7336,-3923,6,-6,8,user1,user1_20250420_175517.wav
2025-04-20T17:55:20.219901,none,-716,7392,-3911,7,-3,7,user1,user1_20250420_175517.wav
2025-04-20T17:55:20.224932,none,-739,7337,-3915,7,0,10,user1,user1_20250420_175517.wav
2025-04-20T17:55:20.229961,none,-732,7370,-3890,7,0,8,user1,user1_20250420_175517.wav
2025-04-20T17:55:20.234996,none,-723,7348,-3858,8,7,5,user1,user1_20250420_175517.wav
2025-04-20T17:55:20.240071,none,-748,7331,-3839,10,6,1,user1,user1_20250420_175517.wav
2025-04-20T17:55:20.244161,none,-756,7335,-3823,10,9,-1,user1,user1_20250420_175517.wav
2025-04-20T17:55:20.249232,none,-750,7328,-3816,15,12,-5,user1,user1_20250420_175517.wav
2025-04-20T17:55:20.254068,none,-772,7329,-3800,17,17,-4,user1,user1_20250420_175517.wav
2025-04-20T17:55:20.259132,none,-769,7271,-3816,28,21,-3,user1,user1_20250420_175517.wav
2025-04-20T17:55:20.264046,none,-769,7271,-3816,28,21,-3,user1,user1_20250420_175517.wav
2025-04-20T17:55:20.269094,none,-728,7230,-3819,29,22,0,user1,user1_20250420_175517.wav
2025-04-20T17:55:20.274137,none,-707,7225,-3857,33,25,-2,user1,user1_20250420_175517.wav
2025-04-20T17:55:20.279167,none,-672,7197,-3797,35,26,-4,user1,user1_20250420_175517.wav
2025-04-20T17:55:20.284192,none,-590,7219,-3741,42,23,-12,user1,user1_20250420_175517.wav
2025-04-20T17:55:20.288305,none,-616,7177,-3731,45,22,-23,user1,user1_20250420_175517.wav
2025-04-20T17:55:20.293351,none,-583,7157,-3779,47,20,-35,user1,user1_20250420_175517.wav
2025-04-20T17:55:20.298677,none,-595,7143,-3810,51,21,-43,user1,user1_20250420_175517.wav
2025-04-20T17:55:20.303228,none,-733,7179,-3945,47,27,-50,user1,user1_20250420_175517.wav
2025-04-20T17:55:20.308004,none,-752,7138,-3963,41,32,-52,user1,user1_20250420_175517.wav
2025-04-20T17:55:20.313071,none,-736,7203,-3957,35,34,-53,user1,user1_20250420_175517.wav
2025-04-20T17:55:20.318141,none,-750,7261,-3972,31,38,-49,user1,user1_20250420_175517.wav
2025-04-20T17:55:20.323199,cross,-504,7809,-3777,52,26,-25,user1,user1_20250420_175517.wav
2025-04-20T17:55:20.328110,cross,-662,7123,-3845,89,14,-26,user1,user1_20250420_175517.wav
2025-04-20T17:55:20.333147,cross,-887,7163,-3996,77,25,-50,user1,user1_20250420_175517.wav
2025-04-20T17:55:20.338209,cross,-785,7199,-3978,57,30,-36,user1,user1_20250420_175517.wav
2025-04-20T17:55:20.343412,cross,-752,7367,-3983,35,25,-15,user1,user1_20250420_175517.wav
2025-04-20T17:55:20.348504,cross,-702,7375,-4020,34,23,-14,user1,user1_20250420_175517.wav
2025-04-20T17:55:20.353567,cross,-667,7305,-3955,36,17,-3,user1,user1_20250420_175517.wav
2025-04-20T17:55:20.358101,cross,-726,7258,-3950,36,13,-1,user1,user1_20250420_175517.wav
2025-04-20T17:55:20.363178,cross,-704,7169,-3993,15,16,-1,user1,user1_20250420_175517.wav
2025-04-20T17:55:20.368232,cross,-652,7166,-3980,8,16,-3,user1,user1_20250420_175517.wav
2025-04-20T17:55:20.373293,cross,-614,7112,-3907,0,12,-12,user1,user1_20250420_175517.wav
2025-04-20T17:55:20.378342,cross,-672,7166,-3869,-3,7,-22,user1,user1_20250420_175517.wav
2025-04-20T17:55:20.383407,cross,-675,7245,-3935,-5,1,-32,user1,user1_20250420_175517.wav
2025-04-20T17:55:20.388478,cross,-688,7231,-3979,-4,4,-40,user1,user1_20250420_175517.wav
2025-04-20T17:55:20.393519,cross,-729,7282,-4018,-4,7,-39,user1,user1_20250420_175517.wav
2025-04-20T17:55:20.398749,cross,-738,7247,-4028,-5,16,-38,user1,user1_20250420_175517.wav
2025-04-20T17:55:20.403830,cross,-653,7290,-4023,-4,20,-33,user1,user1_20250420_175517.wav
2025-04-20T17:55:20.408871,cross,-680,7319,-4028,-1,21,-27,user1,user1_20250420_175517.wav
2025-04-20T17:55:20.413586,cross,-665,7294,-4022,7,25,-21,user1,user1_20250420_175517.wav
2025-04-20T17:55:20.417855,cross,-649,7272,-4008,10,27,-14,user1,user1_20250420_175517.wav
2025-04-20T17:55:20.423191,cross,-697,7272,-3971,20,19,-8,user1,user1_20250420_175517.wav
2025-04-20T17:55:20.428183,cross,-673,7280,-3978,25,14,-1,user1,user1_20250420_175517.wav
2025-04-20T17:55:20.433395,cross,-672,7287,-3952,25,11,2,user1,user1_20250420_175517.wav
2025-04-20T17:55:20.438496,cross,-695,7264,-3960,32,6,8,user1,user1_20250420_175517.wav
2025-04-20T17:55:20.443635,cross,-739,7291,-3999,42,-2,13,user1,user1_20250420_175517.wav
2025-04-20T17:55:20.448716,cross,-732,7286,-3963,43,-5,15,user1,user1_20250420_175517.wav
2025-04-20T17:55:20.453234,cross,-755,7338,-3957,50,-7,18,user1,user1_20250420_175517.wav
2025-04-20T17:55:20.458304,cross,-719,7353,-3979,55,-12,21,user1,user1_20250420_175517.wav
2025-04-20T17:55:20.463376,cross,-719,7326,-3962,66,-15,25,user1,user1_20250420_175517.wav
2025-04-20T17:55:20.468421,cross,-716,7359,-3990,75,-18,30,user1,user1_20250420_175517.wav
2025-04-20T17:55:20.473476,cross,-687,7423,-3975,82,-22,35,user1,user1_20250420_175517.wav
2025-04-20T17:55:20.478617,cross,-703,7444,-3934,91,-23,37,user1,user1_20250420_175517.wav
2025-04-20T17:55:20.483764,cross,-719,7449,-3916,104,-18,41,user1,user1_20250420_175517.wav
2025-04-20T17:55:20.488827,cross,-726,7425,-3925,109,-16,36,user1,user1_20250420_175517.wav
2025-04-20T17:55:20.493900,cross,-722,7427,-3920,112,-13,28,user1,user1_20250420_175517.wav
2025-04-20T17:55:20.499197,cross,-747,7382,-3933,120,-9,16,user1,user1_20250420_175517.wav
2025-04-20T17:55:20.504310,cross,-741,7376,-3930,124,-10,13,user1,user1_20250420_175517.wav
2025-04-20T17:55:20.510548,cross,-727,7372,-3946,127,-9,4,user1,user1_20250420_175517.wav
2025-04-20T17:55:20.515634,cross,-721,7359,-3966,134,-7,0,user1,user1_20250420_175517.wav
2025-04-20T17:55:20.520703,cross,-738,7319,-4004,134,-6,0,user1,user1_20250420_175517.wav
2025-04-20T17:55:20.525767,cross,-733,7278,-3999,132,-3,-1,user1,user1_20250420_175517.wav
2025-04-20T17:55:20.530043,cross,-769,7244,-3985,133,-3,0,user1,user1_20250420_175517.wav
2025-04-20T17:55:20.535443,cross,-811,7160,-4047,125,2,-2,user1,user1_20250420_175517.wav
2025-04-20T17:55:20.540546,cross,-798,7105,-4078,117,7,-2,user1,user1_20250420_175517.wav
2025-04-20T17:55:20.544947,cross,-805,7109,-4070,114,9,-2,user1,user1_20250420_175517.wav
2025-04-20T17:55:20.550288,cross,-766,7075,-4024,104,6,-2,user1,user1_20250420_175517.wav
2025-04-20T17:55:20.555354,cross,-785,7068,-4068,91,1,-2,user1,user1_20250420_175517.wav
2025-04-20T17:55:20.560414,cross,-796,7049,-4050,81,0,3,user1,user1_20250420_175517.wav
2025-04-20T17:55:20.565469,cross,-804,7029,-4072,80,-3,5,user1,user1_20250420_175517.wav
2025-04-20T17:55:20.570508,cross,-803,7049,-4066,74,-4,13,user1,user1_20250420_175517.wav
2025-04-20T17:55:20.575547,cross,-801,7081,-4068,62,-4,26,user1,user1_20250420_175517.wav
2025-04-20T17:55:20.579857,cross,-795,7108,-4066,59,-5,32,user1,user1_20250420_175517.wav
2025-04-20T17:55:20.584896,cross,-811,7074,-4083,56,-3,34,user1,user1_20250420_175517.wav
2025-04-20T17:55:20.589822,cross,-778,7115,-4054,50,-4,39,user1,user1_20250420_175517.wav
2025-04-20T17:55:20.595676,cross,-718,7084,-4084,44,-2,43,user1,user1_20250420_175517.wav
2025-04-20T17:55:20.601029,cross,-708,7063,-4066,43,-3,44,user1,user1_20250420_175517.wav
2025-04-20T17:55:20.607076,cross,-688,7066,-4076,40,-3,42,user1,user1_20250420_175517.wav
2025-04-20T17:55:20.611516,none,-690,7063,-4102,33,-1,40,user1,user1_20250420_175517.wav
2025-04-20T17:55:20.619129,none,-677,7064,-4113,29,0,37,user1,user1_20250420_175517.wav
2025-04-20T17:55:20.624167,none,-688,7071,-4097,18,1,27,user1,user1_20250420_175517.wav
2025-04-20T17:55:20.629195,none,-686,7061,-4098,14,1,28,user1,user1_20250420_175517.wav
2025-04-20T17:55:20.634240,none,-640,7087,-4105,7,0,23,user1,user1_20250420_175517.wav
2025-04-20T17:55:20.639271,none,-656,7113,-4141,-2,-1,10,user1,user1_20250420_175517.wav
2025-04-20T17:55:20.644297,none,-659,7152,-4116,-7,2,5,user1,user1_20250420_175517.wav
2025-04-20T17:55:20.649318,none,-661,7191,-4097,-10,-2,1,user1,user1_20250420_175517.wav
2025-04-20T17:55:20.654162,none,-682,7188,-4081,-7,1,-2,user1,user1_20250420_175517.wav
2025-04-20T17:55:20.659194,none,-692,7199,-4021,-5,0,-1,user1,user1_20250420_175517.wav
2025-04-20T17:55:20.664221,none,-690,7200,-4054,-1,-1,-1,user1,user1_20250420_175517.wav
2025-04-20T17:55:20.669242,none,-718,7183,-4097,-2,-3,0,user1,user1_20250420_175517.wav
2025-04-20T17:55:20.674269,none,-709,7244,-4119,0,-7,-1,user1,user1_20250420_175517.wav
2025-04-20T17:55:20.679291,none,-768,7216,-4120,7,-11,7,user1,user1_20250420_175517.wav
2025-04-20T17:55:20.684312,none,-740,7235,-4102,10,-7,9,user1,user1_20250420_175517.wav
2025-04-20T17:55:20.689343,none,-772,7223,-4092,11,-8,13,user1,user1_20250420_175517.wav
2025-04-20T17:55:20.694371,none,-783,7271,-4070,12,-6,19,user1,user1_20250420_175517.wav
2025-04-20T17:55:20.699404,none,-763,7271,-4029,17,-2,21,user1,user1_20250420_175517.wav
2025-04-20T17:55:20.704575,none,-755,7259,-4000,17,1,22,user1,user1_20250420_175517.wav
2025-04-20T17:55:20.709600,none,-796,7139,-4016,20,7,16,user1,user1_20250420_175517.wav
2025-04-20T17:55:20.714634,none,-732,7300,-3959,-13,24,-20,user1,user1_20250420_175517.wav
2025-04-20T17:55:20.719652,none,-564,7612,-3806,7,11,13,user1,user1_20250420_175517.wav
2025-04-20T17:55:20.724679,none,-640,7430,-3855,37,1,25,user1,user1_20250420_175517.wav
2025-04-20T17:55:20.729701,none,-659,7267,-3914,50,1,28,user1,user1_20250420_175517.wav
2025-04-20T17:55:20.734715,none,-744,7136,-3961,49,16,17,user1,user1_20250420_175517.wav
2025-04-20T17:55:20.739736,none,-782,7151,-3992,45,26,10,user1,user1_20250420_175517.wav
2025-04-20T17:55:20.744755,none,-713,7107,-3997,44,32,3,user1,user1_20250420_175517.wav
2025-04-20T17:55:20.749776,none,-658,7145,-3965,49,30,-3,user1,user1_20250420_175517.wav
2025-04-20T17:55:20.754796,none,-634,7135,-3962,59,24,-11,user1,user1_20250420_175517.wav
2025-04-20T17:55:20.759811,none,-641,7070,-3995,62,23,-14,user1,user1_20250420_175517.wav
2025-04-20T17:55:20.764843,none,-666,7034,-4041,60,20,-12,user1,user1_20250420_175517.wav
2025-04-20T17:55:20.769884,none,-685,7046,-4035,53,19,-7,user1,user1_20250420_175517.wav
2025-04-20T17:55:20.774910,none,-724,7020,-4072,40,20,-10,user1,user1_20250420_175517.wav
2025-04-20T17:55:20.779599,none,-730,7037,-4121,31,22,-11,user1,user1_20250420_175517.wav
2025-04-20T17:55:20.784627,none,-752,7044,-4131,24,22,-8,user1,user1_20250420_175517.wav
2025-04-20T17:55:20.789653,none,-749,7052,-4173,15,22,-8,user1,user1_20250420_175517.wav
2025-04-20T17:55:20.794679,none,-764,7079,-4142,-4,23,-3,user1,user1_20250420_175517.wav
2025-04-20T17:55:20.799724,none,-732,7120,-4125,-11,21,0,user1,user1_20250420_175517.wav
2025-04-20T17:55:20.804971,none,-728,7159,-4136,-16,18,0,user1,user1_20250420_175517.wav
2025-04-20T17:55:20.810060,none,-735,7173,-4131,-18,16,2,user1,user1_20250420_175517.wav
2025-04-20T17:55:20.815147,none,-729,7246,-4102,-20,14,5,user1,user1_20250420_175517.wav
2025-04-20T17:55:20.820231,none,-731,7280,-4131,-14,12,8,user1,user1_20250420_175517.wav
2025-04-20T17:55:20.825294,none,-734,7302,-4084,-10,12,10,user1,user1_20250420_175517.wav
2025-04-20T17:55:20.830384,none,-722,7352,-4127,-7,12,9,user1,user1_20250420_175517.wav
2025-04-20T17:55:20.835457,none,-694,7337,-4107,2,7,17,user1,user1_20250420_175517.wav
2025-04-20T17:55:20.840513,none,-695,7341,-4105,8,9,15,user1,user1_20250420_175517.wav
2025-04-20T17:55:20.844849,none,-700,7326,-4084,17,9,19,user1,user1_20250420_175517.wav
2025-04-20T17:55:20.849952,none,-679,7319,-4100,23,10,22,user1,user1_20250420_175517.wav
2025-04-20T17:55:20.854184,none,-690,7319,-4090,30,11,25,user1,user1_20250420_175517.wav
2025-04-20T17:55:20.859250,none,-683,7350,-4068,48,10,25,user1,user1_20250420_175517.wav
2025-04-20T17:55:20.864310,none,-646,7362,-4055,56,12,28,user1,user1_20250420_175517.wav
2025-04-20T17:55:20.869343,none,-661,7360,-4038,66,11,24,user1,user1_20250420_175517.wav
2025-04-20T17:55:20.874198,none,-644,7321,-4065,76,12,24,user1,user1_20250420_175517.wav
2025-04-20T17:55:20.879276,none,-627,7291,-4074,87,13,15,user1,user1_20250420_175517.wav
2025-04-20T17:55:20.884332,none,-620,7274,-4051,91,11,12,user1,user1_20250420_175517.wav
2025-04-20T17:55:20.889381,none,-638,7250,-4111,100,10,8,user1,user1_20250420_175517.wav
2025-04-20T17:55:20.893793,none,-607,7195,-4086,100,9,0,user1,user1_20250420_175517.wav
2025-04-20T17:55:20.898853,none,-637,7130,-4100,109,9,-12,user1,user1_20250420_175517.wav
2025-04-20T17:55:20.904052,none,-657,7117,-4101,108,8,-18,user1,user1_20250420_175517.wav
2025-04-20T17:55:20.909097,none,-615,7138,-4110,108,7,-27,user1,user1_20250420_175517.wav
2025-04-20T17:55:20.914001,none,-646,7125,-4086,109,6,-31,user1,user1_20250420_175517.wav
2025-04-20T17:55:20.918853,none,-677,7087,-4124,112,7,-43,user1,user1_20250420_175517.wav
2025-04-20T17:55:20.923888,none,-714,7127,-4125,114,9,-48,user1,user1_20250420_175517.wav
2025-04-20T17:55:20.928160,none,-721,7148,-4110,114,5,-49,user1,user1_20250420_175517.wav
2025-04-20T17:55:20.932838,none,-721,7112,-4094,115,2,-45,user1,user1_20250420_175517.wav
2025-04-20T17:55:20.936916,none,-722,7175,-4026,126,-6,-46,user1,user1_20250420_175517.wav
2025-04-20T17:55:20.942005,none,-753,7182,-4080,135,-9,-45,user1,user1_20250420_175517.wav
2025-04-20T17:55:20.946203,none,-754,7148,-4110,139,-11,-42,user1,user1_20250420_175517.wav
2025-04-20T17:55:20.950531,none,-726,7159,-4139,141,-13,-38,user1,user1_20250420_175517.wav
2025-04-20T17:55:20.955592,none,-716,7118,-4191,147,-11,-31,user1,user1_20250420_175517.wav
2025-04-20T17:55:20.960481,none,-674,7080,-4173,147,-12,-31,user1,user1_20250420_175517.wav
2025-04-20T17:55:20.965533,none,-515,7118,-4112,149,-20,-29,user1,user1_20250420_175517.wav
2025-04-20T17:55:20.970104,none,-457,7090,-4028,154,-37,-29,user1,user1_20250420_175517.wav
2025-04-20T17:55:20.975170,none,-514,7040,-3933,156,-78,-39,user1,user1_20250420_175517.wav
2025-04-20T17:55:20.980226,none,-560,7101,-3902,162,-87,-38,user1,user1_20250420_175517.wav
2025-04-20T17:55:20.985276,none,-683,7115,-4001,173,-85,-41,user1,user1_20250420_175517.wav
2025-04-20T17:55:20.990332,none,-830,7122,-4169,173,-78,-43,user1,user1_20250420_175517.wav
2025-04-20T17:55:20.994946,none,-860,7134,-4321,162,-65,-38,user1,user1_20250420_175517.wav
2025-04-20T17:55:21.000332,none,-897,7154,-4355,159,-54,-40,user1,user1_20250420_175517.wav
2025-04-20T17:55:21.005459,none,-950,7142,-4392,157,-43,-41,user1,user1_20250420_175517.wav
2025-04-20T17:55:21.012285,none,-1011,7139,-4392,157,-30,-39,user1,user1_20250420_175517.wav
2025-04-20T17:55:21.017360,none,-922,7094,-4436,149,-13,-34,user1,user1_20250420_175517.wav
2025-04-20T17:55:21.022417,none,-914,7077,-4421,144,-6,-32,user1,user1_20250420_175517.wav
2025-04-20T17:55:21.027512,none,-848,7016,-4385,130,-1,-23,user1,user1_20250420_175517.wav
2025-04-20T17:55:21.032102,none,-794,6980,-4380,121,-1,-22,user1,user1_20250420_175517.wav
2025-04-20T17:55:21.037151,none,-806,6934,-4364,111,0,-21,user1,user1_20250420_175517.wav
2025-04-20T17:55:21.041820,none,-747,6889,-4326,102,-3,-24,user1,user1_20250420_175517.wav
2025-04-20T17:55:21.046876,none,-723,6762,-4374,92,-4,-32,user1,user1_20250420_175517.wav
2025-04-20T17:55:21.051914,none,-816,6772,-4440,76,-10,-32,user1,user1_20250420_175517.wav
2025-04-20T17:55:21.056960,none,-891,6856,-4402,52,-19,-27,user1,user1_20250420_175517.wav
2025-04-20T17:55:21.061537,none,-916,6941,-4411,37,-21,-20,user1,user1_20250420_175517.wav
2025-04-20T17:55:21.066579,none,-931,6978,-4405,26,-20,-14,user1,user1_20250420_175517.wav
2025-04-20T17:55:21.071639,none,-944,7143,-4384,23,-26,1,user1,user1_20250420_175517.wav
2025-04-20T17:55:21.076333,none,-810,7122,-4387,28,-27,1,user1,user1_20250420_175517.wav
2025-04-20T17:55:21.080671,none,-737,7021,-4448,29,-26,-10,user1,user1_20250420_175517.wav
2025-04-20T17:55:21.085469,none,-759,6853,-4385,21,-28,-33,user1,user1_20250420_175517.wav
2025-04-20T17:55:21.090580,none,-820,6725,-4400,2,-24,-62,user1,user1_20250420_175517.wav
2025-04-20T17:55:21.094940,none,-787,6773,-4401,-42,-21,-115,user1,user1_20250420_175517.wav
2025-04-20T17:55:21.100178,none,-800,6876,-4398,-61,-26,-117,user1,user1_20250420_175517.wav
2025-04-20T17:55:21.105232,none,-828,7071,-4337,-68,-37,-110,user1,user1_20250420_175517.wav
2025-04-20T17:55:21.111302,none,-874,7203,-4327,-68,-50,-99,user1,user1_20250420_175517.wav
2025-04-20T17:55:21.116048,none,-1019,7250,-4272,-52,-65,-60,user1,user1_20250420_175517.wav
2025-04-20T17:55:21.121103,none,-1058,7279,-4274,-39,-64,-41,user1,user1_20250420_175517.wav
2025-04-20T17:55:21.126087,none,-1061,7263,-4303,-30,-62,-30,user1,user1_20250420_175517.wav
2025-04-20T17:55:21.131271,none,-1021,7274,-4331,-10,-54,-3,user1,user1_20250420_175517.wav
2025-04-20T17:55:21.136319,none,-951,7269,-4292,-1,-49,4,user1,user1_20250420_175517.wav
2025-04-20T17:55:21.141352,none,-942,7234,-4284,8,-42,17,user1,user1_20250420_175517.wav
2025-04-20T17:55:21.146387,none,-926,7188,-4269,18,-34,25,user1,user1_20250420_175517.wav
2025-04-20T17:55:21.151458,none,-880,7090,-4254,21,-17,34,user1,user1_20250420_175517.wav
2025-04-20T17:55:21.156491,none,-852,7045,-4282,19,-9,34,user1,user1_20250420_175517.wav
2025-04-20T17:55:21.161504,none,-813,7061,-4212,14,1,36,user1,user1_20250420_175517.wav
2025-04-20T17:55:21.166528,none,-797,7038,-4200,13,10,32,user1,user1_20250420_175517.wav
2025-04-20T17:55:21.171549,none,-802,7024,-4131,9,20,28,user1,user1_20250420_175517.wav
2025-04-20T17:55:21.176577,none,-737,7010,-4113,9,27,17,user1,user1_20250420_175517.wav
2025-04-20T17:55:21.181734,none,-686,6967,-4045,11,30,2,user1,user1_20250420_175517.wav
2025-04-20T17:55:21.186751,none,-529,6933,-3963,17,19,-35,user1,user1_20250420_175517.wav
2025-04-20T17:55:21.191772,none,-506,6923,-3993,19,10,-50,user1,user1_20250420_175517.wav
2025-04-20T17:55:21.196806,none,-545,6834,-3984,16,0,-68,user1,user1_20250420_175517.wav
2025-04-20T17:55:21.202015,none,-559,6787,-3978,9,-6,-85,user1,user1_20250420_175517.wav
2025-04-20T17:55:21.207037,none,-668,6788,-4136,12,-4,-118,user1,user1_20250420_175517.wav
2025-04-20T17:55:21.212062,circle,-741,7311,-4148,17,-8,-94,user1,user1_20250420_175517.wav
2025-04-20T17:55:21.217101,circle,-866,6551,-4214,36,-21,-87,user1,user1_20250420_175517.wav
2025-04-20T17:55:21.222165,circle,-1063,6919,-4450,15,-7,-102,user1,user1_20250420_175517.wav
2025-04-20T17:55:21.227315,circle,-988,6788,-4458,-23,7,-94,user1,user1_20250420_175517.wav
2025-04-20T17:55:21.232399,circle,-1012,6804,-4467,-41,9,-87,user1,user1_20250420_175517.wav
2025-04-20T17:55:21.237464,circle,-970,6826,-4439,-57,8,-83,user1,user1_20250420_175517.wav
2025-04-20T17:55:21.241851,circle,-849,6901,-4346,-65,-2,-80,user1,user1_20250420_175517.wav
2025-04-20T17:55:21.246904,circle,-872,6990,-4170,-72,-41,-63,user1,user1_20250420_175517.wav
2025-04-20T17:55:21.251973,circle,-897,6996,-4202,-73,-54,-62,user1,user1_20250420_175517.wav
2025-04-20T17:55:21.257080,circle,-834,6997,-4213,-76,-62,-61,user1,user1_20250420_175517.wav
2025-04-20T17:55:21.261570,circle,-886,7057,-4244,-79,-65,-65,user1,user1_20250420_175517.wav
2025-04-20T17:55:21.265752,circle,-917,7035,-4326,-81,-65,-72,user1,user1_20250420_175517.wav
2025-04-20T17:55:21.270822,circle,-914,7087,-4398,-88,-51,-77,user1,user1_20250420_175517.wav
2025-04-20T17:55:21.275861,circle,-940,7130,-4384,-91,-46,-72,user1,user1_20250420_175517.wav
2025-04-20T17:55:21.280916,circle,-952,7121,-4363,-94,-41,-67,user1,user1_20250420_175517.wav
2025-04-20T17:55:21.285988,circle,-922,7141,-4323,-93,-37,-61,user1,user1_20250420_175517.wav
2025-04-20T17:55:21.291643,circle,-952,7154,-4245,-88,-36,-43,user1,user1_20250420_175517.wav
2025-04-20T17:55:21.296714,circle,-949,7173,-4242,-83,-34,-34,user1,user1_20250420_175517.wav
2025-04-20T17:55:21.302210,circle,-927,7187,-4229,-76,-33,-24,user1,user1_20250420_175517.wav
2025-04-20T17:55:21.307250,circle,-926,7200,-4217,-67,-30,-4,user1,user1_20250420_175517.wav
2025-04-20T17:55:21.312342,circle,-923,7231,-4242,-63,-28,8,user1,user1_20250420_175517.wav
2025-04-20T17:55:21.317403,circle,-934,7197,-4219,-55,-26,16,user1,user1_20250420_175517.wav
2025-04-20T17:55:21.322391,circle,-891,7261,-4225,-47,-24,25,user1,user1_20250420_175517.wav
2025-04-20T17:55:21.327518,circle,-894,7253,-4222,-24,-17,48,user1,user1_20250420_175517.wav
2025-04-20T17:55:21.332564,circle,-896,7279,-4199,-12,-14,57,user1,user1_20250420_175517.wav
2025-04-20T17:55:21.337138,circle,-873,7267,-4180,-2,-13,60,user1,user1_20250420_175517.wav
2025-04-20T17:55:21.342183,circle,-906,7269,-4204,6,-12,64,user1,user1_20250420_175517.wav
2025-04-20T17:55:21.347172,circle,-909,7284,-4204,24,-3,67,user1,user1_20250420_175517.wav
2025-04-20T17:55:21.352464,circle,-892,7235,-4249,32,1,63,user1,user1_20250420_175517.wav
2025-04-20T17:55:21.357609,circle,-871,7249,-4254,30,8,60,user1,user1_20250420_175517.wav
2025-04-20T17:55:21.363135,circle,-865,7209,-4251,37,15,54,user1,user1_20250420_175517.wav
2025-04-20T17:55:21.368364,circle,-877,7161,-4248,44,15,49,user1,user1_20250420_175517.wav
2025-04-20T17:55:21.373422,circle,-874,7120,-4218,42,10,43,user1,user1_20250420_175517.wav
2025-04-20T17:55:21.378875,circle,-893,7111,-4243,43,9,35,user1,user1_20250420_175517.wav
2025-04-20T17:55:21.383893,circle,-885,7046,-4263,36,7,32,user1,user1_20250420_175517.wav
2025-04-20T17:55:21.388965,circle,-903,6999,-4289,33,5,29,user1,user1_20250420_175517.wav
2025-04-20T17:55:21.393949,circle,-957,6969,-4315,24,5,26,user1,user1_20250420_175517.wav
2025-04-20T17:55:21.399060,circle,-944,6992,-4308,13,4,28,user1,user1_20250420_175517.wav
2025-04-20T17:55:21.404197,circle,-963,7005,-4302,7,3,27,user1,user1_20250420_175517.wav
2025-04-20T17:55:21.409257,circle,-940,6992,-4274,1,2,28,user1,user1_20250420_175517.wav
2025-04-20T17:55:21.414314,circle,-966,7014,-4266,0,-2,31,user1,user1_20250420_175517.wav
2025-04-20T17:55:21.419319,circle,-968,7026,-4246,-5,0,38,user1,user1_20250420_175517.wav
2025-04-20T17:55:21.424356,circle,-981,7050,-4223,-4,0,43,user1,user1_20250420_175517.wav
2025-04-20T17:55:21.429424,circle,-956,7074,-4231,-2,0,46,user1,user1_20250420_175517.wav
2025-04-20T17:55:21.434471,circle,-976,7148,-4241,4,4,53,user1,user1_20250420_175517.wav
2025-04-20T17:55:21.439532,circle,-958,7199,-4196,18,10,64,user1,user1_20250420_175517.wav
2025-04-20T17:55:21.444580,circle,-958,7219,-4192,24,13,66,user1,user1_20250420_175517.wav
2025-04-20T17:55:21.449621,circle,-916,7218,-4209,31,20,66,user1,user1_20250420_175517.wav
2025-04-20T17:55:21.454830,circle,-872,7240,-4128,47,21,65,user1,user1_20250420_175517.wav
2025-04-20T17:55:21.459872,circle,-883,7300,-4152,56,22,67,user1,user1_20250420_175517.wav
2025-04-20T17:55:21.464931,none,-869,7267,-4106,62,24,66,user1,user1_20250420_175517.wav
2025-04-20T17:55:21.469317,none,-847,7201,-4145,74,22,67,user1,user1_20250420_175517.wav
2025-04-20T17:55:21.474365,none,-824,7060,-4192,73,24,63,user1,user1_20250420_175517.wav
2025-04-20T17:55:21.479470,none,-860,7528,-4225,29,34,27,user1,user1_20250420_175517.wav
2025-04-20T17:55:21.484539,none,-716,7381,-4084,65,30,65,user1,user1_20250420_175517.wav
2025-04-20T17:55:21.489615,none,-737,7190,-4087,81,20,69,user1,user1_20250420_175517.wav
2025-04-20T17:55:21.493785,none,-792,7172,-4160,93,19,67,user1,user1_20250420_175517.wav
2025-04-20T17:55:21.498857,none,-778,7035,-4227,96,21,53,user1,user1_20250420_175517.wav
2025-04-20T17:55:21.504367,none,-798,6966,-4267,87,21,45,user1,user1_20250420_175517.wav
2025-04-20T17:55:21.509686,none,-785,6907,-4325,74,25,33,user1,user1_20250420_175517.wav
2025-04-20T17:55:21.514786,none,-757,6803,-4244,45,21,11,user1,user1_20250420_175517.wav
2025-04-20T17:55:21.519820,none,-810,6822,-4265,34,20,0,user1,user1_20250420_175517.wav
2025-04-20T17:55:21.524872,none,-814,6864,-4295,26,23,-3,user1,user1_20250420_175517.wav
2025-04-20T17:55:21.529934,none,-822,6837,-4297,12,24,-6,user1,user1_20250420_175517.wav
2025-04-20T17:55:21.535033,none,-870,6869,-4279,-8,21,-8,user1,user1_20250420_175517.wav
2025-04-20T17:55:21.539434,none,-876,6881,-4307,-14,22,-6,user1,user1_20250420_175517.wav
2025-04-20T17:55:21.544508,none,-848,6874,-4325,-23,24,-2,user1,user1_20250420_175517.wav
2025-04-20T17:55:21.549552,none,-823,6920,-4314,-26,23,1,user1,user1_20250420_175517.wav
2025-04-20T17:55:21.554755,none,-843,7020,-4285,-29,20,10,user1,user1_20250420_175517.wav
2025-04-20T17:55:21.559802,none,-862,7046,-4268,-30,18,17,user1,user1_20250420_175517.wav
2025-04-20T17:55:21.564867,none,-848,7074,-4254,-28,16,18,user1,user1_20250420_175517.wav
2025-04-20T17:55:21.569943,none,-844,7112,-4223,-26,15,23,user1,user1_20250420_175517.wav
2025-04-20T17:55:21.575406,none,-863,7139,-4218,-11,12,27,user1,user1_20250420_175517.wav
2025-04-20T17:55:21.580483,none,-884,7152,-4215,-5,11,28,user1,user1_20250420_175517.wav
2025-04-20T17:55:21.585567,none,-887,7168,-4212,1,11,26,user1,user1_20250420_175517.wav
2025-04-20T17:55:21.589894,none,-904,7207,-4205,8,9,25,user1,user1_20250420_175517.wav
2025-04-20T17:55:21.594831,none,-867,7172,-4198,19,10,34,user1,user1_20250420_175517.wav
2025-04-20T17:55:21.599900,none,-855,7184,-4251,25,12,39,user1,user1_20250420_175517.wav
2025-04-20T17:55:21.605276,none,-846,7188,-4294,31,16,44,user1,user1_20250420_175517.wav
2025-04-20T17:55:21.610330,none,-872,7221,-4301,32,21,49,user1,user1_20250420_175517.wav
2025-04-20T17:55:21.615373,none,-857,7184,-4331,38,35,58,user1,user1_20250420_175517.wav
2025-04-20T17:55:21.620421,none,-842,7214,-4350,37,40,59,user1,user1_20250420_175517.wav
2025-04-20T17:55:21.625469,none,-816,7178,-4286,36,47,62,user1,user1_20250420_175517.wav
2025-04-20T17:55:21.630526,none,-777,7190,-4246,35,53,64,user1,user1_20250420_175517.wav
2025-04-20T17:55:21.635588,none,-709,7241,-4222,28,66,67,user1,user1_20250420_175517.wav
2025-04-20T17:55:21.640103,none,-690,7224,-4188,28,70,69,user1,user1_20250420_175517.wav
2025-04-20T17:55:21.645152,none,-702,7203,-4143,28,76,70,user1,user1_20250420_175517.wav
2025-04-20T17:55:21.650201,none,-637,7197,-4081,26,77,70,user1,user1_20250420_175517.wav
2025-04-20T17:55:21.655242,none,-579,7134,-4002,22,68,73,user1,user1_20250420_175517.wav
2025-04-20T17:55:21.659815,none,-538,7098,-3950,16,60,70,user1,user1_20250420_175517.wav
2025-04-20T17:55:21.664868,none,-499,7052,-3953,17,51,63,user1,user1_20250420_175517.wav
2025-04-20T17:55:21.669927,none,-541,7046,-3974,18,41,55,user1,user1_20250420_175517.wav
2025-04-20T17:55:21.674961,none,-678,7051,-4067,35,28,44,user1,user1_20250420_175517.wav
2025-04-20T17:55:21.680007,none,-614,6939,-4110,35,21,41,user1,user1_20250420_175517.wav
2025-04-20T17:55:21.685050,none,-626,6921,-4150,25,7,44,user1,user1_20250420_175517.wav
2025-04-20T17:55:21.689286,none,-613,6885,-4165,11,-14,53,user1,user1_20250420_175517.wav
2025-04-20T17:55:21.693771,none,-725,6906,-4166,4,-36,56,user1,user1_20250420_175517.wav
2025-04-20T17:55:21.698990,none,-878,6923,-4155,-7,-68,59,user1,user1_20250420_175517.wav
2025-04-20T17:55:21.704437,none,-898,6949,-4214,-4,-78,57,user1,user1_20250420_175517.wav
2025-04-20T17:55:21.709491,none,-895,7008,-4250,-6,-89,61,user1,user1_20250420_175517.wav
2025-04-20T17:55:21.714570,none,-911,7024,-4285,0,-96,62,user1,user1_20250420_175517.wav
2025-04-20T17:55:21.719314,none,-951,7092,-4335,17,-105,72,user1,user1_20250420_175517.wav
2025-04-20T17:55:21.724256,none,-976,7048,-4357,23,-105,75,user1,user1_20250420_175517.wav
2025-04-20T17:55:21.729457,none,-1011,7131,-4368,31,-102,85,user1,user1_20250420_175517.wav
2025-04-20T17:55:21.734539,none,-1078,7127,-4314,37,-96,82,user1,user1_20250420_175517.wav
2025-04-20T17:55:21.739605,none,-1066,7107,-4402,46,-76,75,user1,user1_20250420_175517.wav
2025-04-20T17:55:21.744689,none,-1055,7127,-4372,52,-65,71,user1,user1_20250420_175517.wav
2025-04-20T17:55:21.749803,none,-1089,7069,-4464,58,-51,61,user1,user1_20250420_175517.wav
2025-04-20T17:55:21.754880,none,-1070,7070,-4527,64,-17,47,user1,user1_20250420_175517.wav
2025-04-20T17:55:21.759807,none,-1068,7044,-4562,71,2,39,user1,user1_20250420_175517.wav
2025-04-20T17:55:21.764908,none,-993,6887,-4584,73,21,33,user1,user1_20250420_175517.wav
2025-04-20T17:55:21.769969,none,-1012,6870,-4605,53,37,37,user1,user1_20250420_175517.wav
2025-04-20T17:55:21.775006,none,-937,6996,-4502,32,60,57,user1,user1_20250420_175517.wav
2025-04-20T17:55:21.779845,none,-974,7009,-4600,32,79,55,user1,user1_20250420_175517.wav
2025-04-20T17:55:21.784904,none,-896,6858,-4577,34,97,49,user1,user1_20250420_175517.wav
2025-04-20T17:55:21.789966,none,-782,6717,-4554,19,110,49,user1,user1_20250420_175517.wav
2025-04-20T17:55:21.796006,none,-803,6728,-4536,-2,119,52,user1,user1_20250420_175517.wav
2025-04-20T17:55:21.801086,none,-678,6724,-4424,-41,123,59,user1,user1_20250420_175517.wav
2025-04-20T17:55:21.806472,none,-713,6755,-4369,-56,123,61,user1,user1_20250420_175517.wav
2025-04-20T17:55:21.811234,none,-655,6703,-4369,-91,117,58,user1,user1_20250420_175517.wav
2025-04-20T17:55:21.816279,none,-624,6663,-4355,-112,112,52,user1,user1_20250420_175517.wav
2025-04-20T17:55:21.820605,none,-605,6610,-4341,-138,108,44,user1,user1_20250420_175517.wav
2025-04-20T17:55:21.825659,none,-534,6563,-4349,-161,101,32,user1,user1_20250420_175517.wav
2025-04-20T17:55:21.830853,none,-550,6587,-4299,-213,77,12,user1,user1_20250420_175517.wav
2025-04-20T17:55:21.834932,none,-589,6649,-4282,-232,68,8,user1,user1_20250420_175517.wav
2025-04-20T17:55:21.839973,none,-650,6738,-4232,-246,58,11,user1,user1_20250420_175517.wav
2025-04-20T17:55:21.844984,none,-726,6909,-4193,-255,48,26,user1,user1_20250420_175517.wav
2025-04-20T17:55:21.850036,none,-854,7110,-4181,-251,36,47,user1,user1_20250420_175517.wav
2025-04-20T17:55:21.854860,none,-1027,7163,-4102,-247,25,68,user1,user1_20250420_175517.wav
2025-04-20T17:55:21.859909,none,-1265,7576,-4016,-216,1,131,user1,user1_20250420_175517.wav
2025-04-20T17:55:21.864088,none,-1110,7650,-4193,-194,-5,164,user1,user1_20250420_175517.wav
2025-04-20T17:55:21.868782,none,-945,7675,-4399,-160,-1,196,user1,user1_20250420_175517.wav
2025-04-20T17:55:21.873832,none,-778,7654,-4493,-127,10,218,user1,user1_20250420_175517.wav
2025-04-20T17:55:21.878331,none,-732,7672,-4520,-93,26,225,user1,user1_20250420_175517.wav
2025-04-20T17:55:21.883398,none,-880,7568,-4301,-41,69,227,user1,user1_20250420_175517.wav
2025-04-20T17:55:21.888452,none,-915,7555,-4209,-19,94,211,user1,user1_20250420_175517.wav
2025-04-20T17:55:21.893505,none,-857,7559,-4167,4,113,197,user1,user1_20250420_175517.wav
2025-04-20T17:55:21.898569,none,-777,7593,-4138,28,131,182,user1,user1_20250420_175517.wav
2025-04-20T17:55:21.904011,none,-577,7560,-4128,78,136,146,user1,user1_20250420_175517.wav
2025-04-20T17:55:21.909051,none,-461,7488,-4100,99,129,124,user1,user1_20250420_175517.wav
2025-04-20T17:55:21.914105,none,-388,7362,-4076,116,123,99,user1,user1_20250420_175517.wav
2025-04-20T17:55:21.918771,none,-231,7047,-4046,123,108,31,user1,user1_20250420_175517.wav
2025-04-20T17:55:21.923806,none,-183,6955,-4044,112,100,-2,user1,user1_20250420_175517.wav
2025-04-20T17:55:21.928094,none,-169,6860,-3984,97,88,-37,user1,user1_20250420_175517.wav
2025-04-20T17:55:21.933246,none,-161,6793,-3994,77,77,-67,user1,user1_20250420_175517.wav
2025-04-20T17:55:21.939069,none,-131,6680,-3905,51,58,-81,user1,user1_20250420_175517.wav
2025-04-20T17:55:21.943775,none,-135,6740,-3825,-16,9,-90,user1,user1_20250420_175517.wav
2025-04-20T17:55:21.948829,none,-146,6773,-3828,-37,-18,-85,user1,user1_20250420_175517.wav
2025-04-20T17:55:21.953206,none,-233,6837,-3871,-51,-43,-82,user1,user1_20250420_175517.wav
2025-04-20T17:55:21.958250,none,-289,6902,-3932,-51,-55,-81,user1,user1_20250420_175517.wav
2025-04-20T17:55:21.962509,none,-345,6870,-3982,-51,-69,-75,user1,user1_20250420_175517.wav
2025-04-20T17:55:21.967580,none,-552,6939,-4097,-60,-83,-73,user1,user1_20250420_175517.wav
2025-04-20T17:55:21.972380,none,-618,6971,-4161,-58,-81,-77,user1,user1_20250420_175517.wav
2025-04-20T17:55:21.977415,none,-678,6987,-4208,-54,-75,-87,user1,user1_20250420_175517.wav
2025-04-20T17:55:21.982456,none,-638,6985,-4240,-50,-66,-100,user1,user1_20250420_175517.wav
2025-04-20T17:55:21.987523,none,-629,6903,-4206,-54,-60,-115,user1,user1_20250420_175517.wav
2025-04-20T17:55:21.992511,none,-656,6853,-4224,-61,-60,-123,user1,user1_20250420_175517.wav
2025-04-20T17:55:21.997558,none,-656,6814,-4181,-75,-64,-127,user1,user1_20250420_175517.wav
2025-04-20T17:55:22.002755,none,-566,6805,-4139,-93,-81,-141,user1,user1_20250420_175517.wav
2025-04-20T17:55:22.008060,none,-633,6830,-4119,-97,-94,-140,user1,user1_20250420_175517.wav
2025-04-20T17:55:22.012420,triangle,-606,7187,-4086,-96,-104,-130,user1,user1_20250420_175517.wav
2025-04-20T17:55:22.017583,triangle,-602,6901,-4109,-55,-117,-109,user1,user1_20250420_175517.wav
2025-04-20T17:55:22.022777,triangle,-1084,6142,-4380,-115,-115,-145,user1,user1_20250420_175517.wav
2025-04-20T17:55:22.027209,triangle,-1034,6746,-4509,-174,-74,-121,user1,user1_20250420_175517.wav
2025-04-20T17:55:22.032272,triangle,-991,7040,-4509,-182,-64,-103,user1,user1_20250420_175517.wav
2025-04-20T17:55:22.037328,triangle,-990,7216,-4482,-174,-58,-76,user1,user1_20250420_175517.wav
2025-04-20T17:55:22.041929,triangle,-912,7245,-4361,-160,-57,-46,user1,user1_20250420_175517.wav
2025-04-20T17:55:22.046969,triangle,-889,7281,-4203,-134,-68,-7,user1,user1_20250420_175517.wav
2025-04-20T17:55:22.052013,triangle,-896,7297,-4181,-127,-69,6,user1,user1_20250420_175517.wav
2025-04-20T17:55:22.056088,triangle,-820,7378,-4160,-120,-72,16,user1,user1_20250420_175517.wav
2025-04-20T17:55:22.060452,triangle,-813,7393,-4116,-114,-75,21,user1,user1_20250420_175517.wav
2025-04-20T17:55:22.065542,triangle,-818,7404,-4134,-107,-74,28,user1,user1_20250420_175517.wav
2025-04-20T17:55:22.070621,triangle,-810,7408,-4162,-99,-68,26,user1,user1_20250420_175517.wav
2025-04-20T17:55:22.075665,triangle,-751,7485,-4181,-86,-60,26,user1,user1_20250420_175517.wav
2025-04-20T17:55:22.080107,triangle,-783,7562,-4152,-75,-55,26,user1,user1_20250420_175517.wav
2025-04-20T17:55:22.085156,triangle,-805,7607,-4176,-64,-47,26,user1,user1_20250420_175517.wav
2025-04-20T17:55:22.090228,triangle,-776,7599,-4123,-53,-37,22,user1,user1_20250420_175517.wav
2025-04-20T17:55:22.095283,triangle,-755,7589,-4078,-23,-17,8,user1,user1_20250420_175517.wav
2025-04-20T17:55:22.100524,triangle,-755,7557,-4060,-16,-7,-3,user1,user1_20250420_175517.wav
2025-04-20T17:55:22.105580,triangle,-726,7569,-4040,-3,4,-13,user1,user1_20250420_175517.wav
2025-04-20T17:55:22.110632,triangle,-745,7490,-3980,21,18,-31,user1,user1_20250420_175517.wav
2025-04-20T17:55:22.115654,triangle,-725,7394,-3979,35,29,-32,user1,user1_20250420_175517.wav
2025-04-20T17:55:22.122434,triangle,-723,7331,-4012,43,36,-38,user1,user1_20250420_175517.wav
2025-04-20T17:55:22.126921,triangle,-715,7209,-4002,60,42,-37,user1,user1_20250420_175517.wav
2025-04-20T17:55:22.131625,triangle,-700,7221,-4029,69,45,-35,user1,user1_20250420_175517.wav
2025-04-20T17:55:22.136298,triangle,-687,7139,-3989,78,42,-35,user1,user1_20250420_175517.wav
2025-04-20T17:55:22.141317,triangle,-668,7075,-4025,78,41,-26,user1,user1_20250420_175517.wav
2025-04-20T17:55:22.146337,triangle,-723,7088,-4002,77,37,-23,user1,user1_20250420_175517.wav
2025-04-20T17:55:22.151354,triangle,-792,7054,-4089,79,34,-21,user1,user1_20250420_175517.wav
2025-04-20T17:55:22.156375,triangle,-798,7010,-4084,69,33,-23,user1,user1_20250420_175517.wav
2025-04-20T17:55:22.161399,triangle,-818,7028,-4100,65,31,-26,user1,user1_20250420_175517.wav
2025-04-20T17:55:22.166436,triangle,-816,7052,-4138,64,29,-25,user1,user1_20250420_175517.wav
2025-04-20T17:55:22.171467,triangle,-797,7060,-4137,62,25,-24,user1,user1_20250420_175517.wav
2025-04-20T17:55:22.176496,triangle,-789,7086,-4106,64,21,-24,user1,user1_20250420_175517.wav
2025-04-20T17:55:22.181524,triangle,-771,7091,-4134,63,16,-23,user1,user1_20250420_175517.wav
2025-04-20T17:55:22.186544,triangle,-759,7069,-4152,60,9,-18,user1,user1_20250420_175517.wav
2025-04-20T17:55:22.191560,triangle,-788,7110,-4152,63,5,-13,user1,user1_20250420_175517.wav
2025-04-20T17:55:22.196579,triangle,-763,7117,-4170,64,1,-9,user1,user1_20250420_175517.wav
2025-04-20T17:55:22.201674,triangle,-748,7108,-4162,68,1,-4,user1,user1_20250420_175517.wav
2025-04-20T17:55:22.206696,triangle,-677,7117,-4163,78,-4,5,user1,user1_20250420_175517.wav
2025-04-20T17:55:22.211709,triangle,-671,7121,-4168,83,-11,11,user1,user1_20250420_175517.wav
2025-04-20T17:55:22.216729,triangle,-626,7091,-4182,86,-12,14,user1,user1_20250420_175517.wav
2025-04-20T17:55:22.221757,triangle,-609,7075,-4152,90,-19,20,user1,user1_20250420_175517.wav
2025-04-20T17:55:22.226778,none,-604,7080,-4183,99,-28,27,user1,user1_20250420_175517.wav
2025-04-20T17:55:22.231796,none,-655,6937,-4212,94,-32,25,user1,user1_20250420_175517.wav
2025-04-20T17:55:22.236823,none,-829,6255,-4361,63,-27,11,user1,user1_20250420_175517.wav
2025-04-20T17:55:22.241850,none,-736,7201,-4367,12,-17,-4,user1,user1_20250420_175517.wav
2025-04-20T17:55:22.246871,none,-608,7301,-4124,89,-40,59,user1,user1_20250420_175517.wav
2025-04-20T17:55:22.251889,none,-655,7287,-4169,104,-42,63,user1,user1_20250420_175517.wav
2025-04-20T17:55:22.256970,none,-682,7124,-4171,109,-43,61,user1,user1_20250420_175517.wav
2025-04-20T17:55:22.261992,none,-724,7109,-4200,108,-43,54,user1,user1_20250420_175517.wav
2025-04-20T17:55:22.267013,none,-708,7195,-4239,107,-41,34,user1,user1_20250420_175517.wav
2025-04-20T17:55:22.272034,none,-642,7124,-4248,110,-39,23,user1,user1_20250420_175517.wav
2025-04-20T17:55:22.277062,none,-637,7059,-4206,108,-39,12,user1,user1_20250420_175517.wav
2025-04-20T17:55:22.282089,none,-705,7069,-4250,106,-37,1,user1,user1_20250420_175517.wav
2025-04-20T17:55:22.286146,none,-735,7125,-4247,103,-32,-7,user1,user1_20250420_175517.wav
2025-04-20T17:55:22.291190,none,-769,7030,-4205,93,-30,-26,user1,user1_20250420_175517.wav
2025-04-20T17:55:22.296217,none,-814,7013,-4212,82,-26,-32,user1,user1_20250420_175517.wav
2025-04-20T17:55:22.301365,none,-837,7001,-4245,77,-26,-34,user1,user1_20250420_175517.wav
2025-04-20T17:55:22.306395,none,-866,6976,-4240,67,-20,-39,user1,user1_20250420_175517.wav
2025-04-20T17:55:22.311424,none,-921,6952,-4260,47,-21,-38,user1,user1_20250420_175517.wav
2025-04-20T17:55:22.316452,none,-914,6958,-4240,39,-16,-41,user1,user1_20250420_175517.wav
2025-04-20T17:55:22.321885,none,-915,6981,-4259,28,-14,-42,user1,user1_20250420_175517.wav
2025-04-20T17:55:22.326955,none,-955,6983,-4235,14,-7,-29,user1,user1_20250420_175517.wav
2025-04-20T17:55:22.331982,none,-932,6985,-4230,8,-6,-20,user1,user1_20250420_175517.wav
2025-04-20T17:55:22.337010,none,-930,7007,-4220,2,-4,-10,user1,user1_20250420_175517.wav
2025-04-20T17:55:22.342037,none,-930,6998,-4206,0,-2,-1,user1,user1_20250420_175517.wav
2025-04-20T17:55:22.347065,none,-891,7002,-4162,-7,0,15,user1,user1_20250420_175517.wav
2025-04-20T17:55:22.352107,none,-888,7005,-4183,-9,1,20,user1,user1_20250420_175517.wav
2025-04-20T17:55:22.356376,none,-874,7022,-4175,-13,1,27,user1,user1_20250420_175517.wav
2025-04-20T17:55:22.361452,none,-853,7065,-4187,-15,2,32,user1,user1_20250420_175517.wav
2025-04-20T17:55:22.366203,none,-861,7052,-4166,-20,2,35,user1,user1_20250420_175517.wav
2025-04-20T17:55:22.370800,none,-820,7091,-4167,-21,3,41,user1,user1_20250420_175517.wav
2025-04-20T17:55:22.376584,none,-832,7144,-4174,-21,2,47,user1,user1_20250420_175517.wav
2025-04-20T17:55:22.381646,none,-850,7140,-4158,-22,2,51,user1,user1_20250420_175517.wav
2025-04-20T17:55:22.385998,none,-845,7221,-4201,-19,5,50,user1,user1_20250420_175517.wav
2025-04-20T17:55:22.391089,none,-808,7206,-4198,-7,5,52,user1,user1_20250420_175517.wav
2025-04-20T17:55:22.396156,none,-782,7217,-4167,-3,6,52,user1,user1_20250420_175517.wav
2025-04-20T17:55:22.401512,none,-763,7206,-4194,-2,6,49,user1,user1_20250420_175517.wav
2025-04-20T17:55:22.406822,none,-739,7211,-4184,3,8,47,user1,user1_20250420_175517.wav
2025-04-20T17:55:22.411879,none,-694,7224,-4187,10,3,40,user1,user1_20250420_175517.wav
2025-04-20T17:55:22.416937,none,-695,7227,-4195,19,4,38,user1,user1_20250420_175517.wav
2025-04-20T17:55:22.421997,none,-694,7218,-4172,27,2,33,user1,user1_20250420_175517.wav
2025-04-20T17:55:22.427287,none,-681,7176,-4225,33,1,33,user1,user1_20250420_175517.wav
2025-04-20T17:55:22.432094,none,-714,7159,-4251,44,0,32,user1,user1_20250420_175517.wav
2025-04-20T17:55:22.436917,none,-715,7136,-4256,49,-3,32,user1,user1_20250420_175517.wav
2025-04-20T17:55:22.441950,none,-732,7108,-4272,53,-4,31,user1,user1_20250420_175517.wav
2025-04-20T17:55:22.447000,none,-659,7042,-4272,59,-3,30,user1,user1_20250420_175517.wav
2025-04-20T17:55:22.452051,none,-611,7001,-4286,59,-2,28,user1,user1_20250420_175517.wav
2025-04-20T17:55:22.457112,none,-548,6950,-4252,56,-4,18,user1,user1_20250420_175517.wav
2025-04-20T17:55:22.461919,none,-507,6898,-4237,54,-4,6,user1,user1_20250420_175517.wav
2025-04-20T17:55:22.466964,none,-587,6826,-4201,37,-7,-20,user1,user1_20250420_175517.wav
2025-04-20T17:55:22.471386,none,-686,6841,-4170,28,-9,-29,user1,user1_20250420_175517.wav
2025-04-20T17:55:22.476697,none,-771,6857,-4156,18,-14,-32,user1,user1_20250420_175517.wav
2025-04-20T17:55:22.481786,none,-866,6894,-4137,11,-19,-34,user1,user1_20250420_175517.wav
2025-04-20T17:55:22.486910,none,-883,6976,-4209,7,-27,-31,user1,user1_20250420_175517.wav
2025-04-20T17:55:22.491929,none,-887,6976,-4234,6,-34,-26,user1,user1_20250420_175517.wav
2025-04-20T17:55:22.496977,none,-852,7019,-4267,5,-37,-19,user1,user1_20250420_175517.wav
2025-04-20T17:55:22.502254,none,-797,7014,-4270,5,-38,-8,user1,user1_20250420_175517.wav
2025-04-20T17:55:22.507839,none,-823,7079,-4272,5,-34,12,user1,user1_20250420_175517.wav
2025-04-20T17:55:22.513720,none,-841,7055,-4282,5,-29,19,user1,user1_20250420_175517.wav
2025-04-20T17:55:22.518756,none,-870,6968,-4252,0,-15,24,user1,user1_20250420_175517.wav
2025-04-20T17:55:22.523791,none,-851,6976,-4259,-6,-12,21,user1,user1_20250420_175517.wav
2025-04-20T17:55:22.528151,none,-798,6942,-4207,-10,-9,17,user1,user1_20250420_175517.wav
2025-04-20T17:55:22.532419,none,-791,6956,-4239,-16,-9,19,user1,user1_20250420_175517.wav
2025-04-20T17:55:22.537443,none,-789,6957,-4245,-19,-5,16,user1,user1_20250420_175517.wav
2025-04-20T17:55:22.542465,none,-745,6979,-4257,-24,-6,19,user1,user1_20250420_175517.wav
2025-04-20T17:55:22.547487,none,-803,7087,-4226,-26,-2,21,user1,user1_20250420_175517.wav
2025-04-20T17:55:22.552517,none,-823,7126,-4226,-28,-2,22,user1,user1_20250420_175517.wav
2025-04-20T17:55:22.557676,none,-838,7116,-4215,-30,2,19,user1,user1_20250420_175517.wav
2025-04-20T17:55:22.562489,none,-854,7165,-4211,-37,7,17,user1,user1_20250420_175517.wav
2025-04-20T17:55:22.567590,none,-813,7173,-4194,-40,14,12,user1,user1_20250420_175517.wav
2025-04-20T17:55:22.572653,none,-813,7208,-4176,-39,18,9,user1,user1_20250420_175517.wav
2025-04-20T17:55:22.577702,none,-819,7223,-4188,-34,19,6,user1,user1_20250420_175517.wav
2025-04-20T17:55:22.582740,none,-818,7253,-4114,-24,24,13,user1,user1_20250420_175517.wav
2025-04-20T17:55:22.587791,none,-793,7267,-4115,-10,26,13,user1,user1_20250420_175517.wav
2025-04-20T17:55:22.592808,none,-812,7262,-4120,3,25,16,user1,user1_20250420_175517.wav
2025-04-20T17:55:22.597976,none,-765,7176,-4130,11,25,15,user1,user1_20250420_175517.wav
2025-04-20T17:55:22.602813,none,-731,7119,-4169,24,20,11,user1,user1_20250420_175517.wav
2025-04-20T17:55:22.607861,none,-711,7034,-4201,23,22,10,user1,user1_20250420_175517.wav
2025-04-20T17:55:22.612921,none,-699,7018,-4229,22,21,4,user1,user1_20250420_175517.wav
2025-04-20T17:55:22.617972,none,-691,6981,-4238,21,20,4,user1,user1_20250420_175517.wav
2025-04-20T17:55:22.623341,none,-705,6949,-4281,13,20,-3,user1,user1_20250420_175517.wav
2025-04-20T17:55:22.628404,none,-744,6980,-4301,-3,17,-8,user1,user1_20250420_175517.wav
2025-04-20T17:55:22.633188,none,-776,6982,-4329,-10,14,-11,user1,user1_20250420_175517.wav
2025-04-20T17:55:22.638456,none,-783,7013,-4316,-20,11,-7,user1,user1_20250420_175517.wav
2025-04-20T17:55:22.643505,none,-810,7072,-4320,-29,5,-4,user1,user1_20250420_175517.wav
2025-04-20T17:55:22.648552,none,-812,7110,-4322,-29,3,-2,user1,user1_20250420_175517.wav
2025-04-20T17:55:22.653624,none,-798,7119,-4336,-29,0,2,user1,user1_20250420_175517.wav
2025-04-20T17:55:22.658802,none,-795,7126,-4327,-34,-2,4,user1,user1_20250420_175517.wav
2025-04-20T17:55:22.663879,none,-808,7109,-4300,-31,-7,10,user1,user1_20250420_175517.wav
2025-04-20T17:55:22.668934,none,-796,7138,-4245,-28,-9,11,user1,user1_20250420_175517.wav
2025-04-20T17:55:22.673971,none,-760,7146,-4249,-28,-11,10,user1,user1_20250420_175517.wav
2025-04-20T17:55:22.679031,none,-731,7143,-4264,-20,-14,12,user1,user1_20250420_175517.wav
2025-04-20T17:55:22.684075,none,-737,7113,-4243,-18,-17,13,user1,user1_20250420_175517.wav
2025-04-20T17:55:22.689139,none,-714,7147,-4270,-15,-17,13,user1,user1_20250420_175517.wav
2025-04-20T17:55:22.694192,none,-757,7119,-4261,-14,-14,12,user1,user1_20250420_175517.wav
2025-04-20T17:55:22.699254,none,-751,7127,-4226,-11,-10,11,user1,user1_20250420_175517.wav
2025-04-20T17:55:22.704651,none,-766,7194,-4228,-6,-8,12,user1,user1_20250420_175517.wav
2025-04-20T17:55:22.709707,none,-744,7185,-4235,-2,-6,13,user1,user1_20250420_175517.wav
2025-04-20T17:55:22.714765,none,-771,7182,-4241,5,1,17,user1,user1_20250420_175517.wav
2025-04-20T17:55:22.719306,none,-747,7187,-4219,16,3,16,user1,user1_20250420_175517.wav
2025-04-20T17:55:22.724199,none,-760,7184,-4241,20,5,16,user1,user1_20250420_175517.wav
2025-04-20T17:55:22.728393,none,-771,7161,-4245,25,5,17,user1,user1_20250420_175517.wav
2025-04-20T17:55:22.733436,none,-741,7109,-4241,31,6,13,user1,user1_20250420_175517.wav
2025-04-20T17:55:22.738139,none,-722,7075,-4244,32,8,11,user1,user1_20250420_175517.wav
2025-04-20T17:55:22.743183,none,-760,7046,-4256,34,6,7,user1,user1_20250420_175517.wav
2025-04-20T17:55:22.748286,none,-756,7008,-4244,32,9,0,user1,user1_20250420_175517.wav
2025-04-20T17:55:22.753204,none,-763,7034,-4266,27,9,-6,user1,user1_20250420_175517.wav
2025-04-20T17:55:22.758483,none,-773,7014,-4289,21,8,-7,user1,user1_20250420_175517.wav
2025-04-20T17:55:22.762698,none,-789,7026,-4288,14,12,-12,user1,user1_20250420_175517.wav
2025-04-20T17:55:22.767796,none,-816,7014,-4296,5,9,-15,user1,user1_20250420_175517.wav
2025-04-20T17:55:22.772862,none,-808,7002,-4298,2,7,-17,user1,user1_20250420_175517.wav
2025-04-20T17:55:22.777152,none,-814,7007,-4267,-2,9,-20,user1,user1_20250420_175517.wav
2025-04-20T17:55:22.782221,none,-801,6990,-4290,-5,9,-19,user1,user1_20250420_175517.wav
2025-04-20T17:55:22.787274,none,-806,6984,-4246,-14,6,-21,user1,user1_20250420_175517.wav
2025-04-20T17:55:22.792348,none,-829,6998,-4230,-15,4,-20,user1,user1_20250420_175517.wav
2025-04-20T17:55:22.797394,none,-837,7037,-4202,-18,4,-19,user1,user1_20250420_175517.wav
2025-04-20T17:55:22.802618,none,-808,7042,-4228,-16,5,-20,user1,user1_20250420_175517.wav
2025-04-20T17:55:22.807721,none,-811,7056,-4247,-15,3,-16,user1,user1_20250420_175517.wav
2025-04-20T17:55:22.812437,none,-785,7059,-4216,-14,4,-15,user1,user1_20250420_175517.wav
2025-04-20T17:55:22.817508,none,-807,7123,-4224,-12,6,-13,user1,user1_20250420_175517.wav
2025-04-20T17:55:22.822387,none,-802,7152,-4208,-13,4,-15,user1,user1_20250420_175517.wav
2025-04-20T17:55:22.827444,none,-798,7154,-4202,-12,0,-10,user1,user1_20250420_175517.wav
2025-04-20T17:55:22.832500,none,-812,7149,-4163,-11,-3,-11,user1,user1_20250420_175517.wav
2025-04-20T17:55:22.837568,none,-825,7115,-4195,-12,-3,-11,user1,user1_20250420_175517.wav
2025-04-20T17:55:22.842628,none,-831,7082,-4202,-16,-3,-10,user1,user1_20250420_175517.wav
2025-04-20T17:55:22.847685,none,-851,6981,-4192,-33,-5,-17,user1,user1_20250420_175517.wav
2025-04-20T17:55:22.852725,none,-824,6948,-4195,-45,-1,-24,user1,user1_20250420_175517.wav
2025-04-20T17:55:22.857762,none,-747,6915,-4132,-55,-1,-26,user1,user1_20250420_175517.wav
2025-04-20T17:55:22.862530,none,-708,6929,-4090,-62,-10,-38,user1,user1_20250420_175517.wav
2025-04-20T17:55:22.867589,none,-747,7020,-4094,-80,-23,-36,user1,user1_20250420_175517.wav
2025-04-20T17:55:22.872285,square,-752,7299,-4068,-83,-30,-25,user1,user1_20250420_175517.wav
2025-04-20T17:55:22.877347,square,-668,7235,-3984,-61,-46,2,user1,user1_20250420_175517.wav
2025-04-20T17:55:22.882403,square,-931,6314,-4261,-95,-51,-9,user1,user1_20250420_175517.wav
2025-04-20T17:55:22.887481,square,-752,7036,-4254,-141,-41,-5,user1,user1_20250420_175517.wav
2025-04-20T17:55:22.892532,square,-873,7015,-4297,-136,-37,2,user1,user1_20250420_175517.wav
2025-04-20T17:55:22.896824,square,-988,6922,-4317,-139,-26,9,user1,user1_20250420_175517.wav
2025-04-20T17:55:22.902165,square,-1009,6854,-4362,-145,-14,18,user1,user1_20250420_175517.wav
